INFO  2022-11-30 10:07:30.868 [main] SqlConnectionLogger - [0] BEGIN TRANSACTION
INFO  2022-11-30 10:07:30.871 [main] SqlConnectionLogger - [0] SELECT table_name FROM information_schema.tables WHERE table_catalog = CURRENT_DATABASE() AND table_schema = CURRENT_SCHEMA();
INFO  2022-11-30 10:07:30.886 [main] SqlConnectionLogger - [0] DROP TABLE IF EXISTS "meta" CASCADE;
DROP TABLE IF EXISTS "peerinfos" CASCADE;
DROP TABLE IF EXISTS "blockchain_replicas" CASCADE;
DROP TABLE IF EXISTS "blockchains" CASCADE;
DROP TABLE IF EXISTS "must_sync_until" CASCADE;
DROP TABLE IF EXISTS "c100.blocks" CASCADE;
DROP TABLE IF EXISTS "c100.transactions" CASCADE;
DROP TABLE IF EXISTS "c100.configurations" CASCADE;
DROP TABLE IF EXISTS "c100.rowid_gen" CASCADE;
DROP TABLE IF EXISTS "c100.sys.classes" CASCADE;
DROP TABLE IF EXISTS "c100.sys.attributes" CASCADE;
DROP TABLE IF EXISTS "c100.my_name" CASCADE;
DROP TABLE IF EXISTS "c100.gtx_module_version" CASCADE;
INFO  2022-11-30 10:07:30.894 [main] SqlConnectionLogger - [0] SELECT routine_name FROM information_schema.routines WHERE routine_catalog = CURRENT_DATABASE() AND routine_schema = CURRENT_SCHEMA();
INFO  2022-11-30 10:07:30.898 [main] SqlConnectionLogger - [0] DROP FUNCTION "c100.make_rowid";
DROP FUNCTION "rell_bytea_substr1";
DROP FUNCTION "rell_bytea_substr2";
DROP FUNCTION "rell_text_repeat";
DROP FUNCTION "rell_text_substr1";
DROP FUNCTION "rell_text_substr2";
DROP FUNCTION "rell_text_getchar";
INFO  2022-11-30 10:07:30.909 [main] SqlConnectionLogger - [0] SELECT routine_name FROM information_schema.routines WHERE routine_catalog = CURRENT_DATABASE() AND routine_schema = CURRENT_SCHEMA();
DEBUG 2022-11-30 10:07:31.035 [main] SQLDatabaseAccess - Meta table does not exist. Assume database does not exist and create it (version: 2).
INFO  2022-11-30 10:07:31.102 [main] SqlConnectionLogger - [0] CREATE TABLE "c100.rowid_gen"( last_value bigint not null);
INSERT INTO "c100.rowid_gen"(last_value) VALUES (0);
CREATE FUNCTION "c100.make_rowid"() RETURNS BIGINT AS
'UPDATE "c100.rowid_gen" SET last_value = last_value + 1 RETURNING last_value'
LANGUAGE SQL;

INFO  2022-11-30 10:07:31.104 [main] SqlConnectionLogger - [0] CREATE TABLE "c100.sys.classes"(
    "id" INT NOT NULL PRIMARY KEY,
    "name" TEXT NOT NULL UNIQUE,
    "type" TEXT NOT NULL,
    "log" BOOLEAN NOT NULL
);
CREATE TABLE "c100.sys.attributes"(
    "class_id" INT NOT NULL,
    "name" TEXT NOT NULL,
    "type" TEXT NOT NULL
);

INFO  2022-11-30 10:07:31.111 [main] SqlConnectionLogger - [0] CREATE FUNCTION "rell_bytea_substr1"(v BYTEA, i INT) RETURNS BYTEA AS $$
DECLARE n INT;
BEGIN
    IF i < 0 THEN RAISE EXCEPTION 'rell_bytea_substr1: i = %', i; END IF;
    n := LENGTH(v);
    IF i > n THEN RAISE EXCEPTION 'rell_bytea_substr1: i = %, n = %', i, n; END IF;
    RETURN SUBSTR(v, i + 1);
END;
$$ LANGUAGE PLPGSQL IMMUTABLE;

INFO  2022-11-30 10:07:31.113 [main] SqlConnectionLogger - [0] CREATE FUNCTION "rell_bytea_substr2"(v BYTEA, i INT, j INT) RETURNS BYTEA AS $$
DECLARE n INT;
BEGIN
    IF i < 0 OR j < i THEN RAISE EXCEPTION 'rell_bytea_substr2: i = %, j = %', i, j; END IF;
    n := LENGTH(v);
    IF j > n THEN RAISE EXCEPTION 'rell_bytea_substr2: i = %, j = %, n = %', i, j, n; END IF;
    RETURN SUBSTR(v, i + 1, j - i);
END;
$$ LANGUAGE PLPGSQL IMMUTABLE;

INFO  2022-11-30 10:07:31.114 [main] SqlConnectionLogger - [0] CREATE FUNCTION "rell_text_repeat"(v TEXT, i INT) RETURNS TEXT AS $$
BEGIN
    IF i < 0 THEN RAISE EXCEPTION 'rell_text_repeat: i = %', i; END IF;
    RETURN REPEAT(v, i);
END;
$$ LANGUAGE PLPGSQL IMMUTABLE;

INFO  2022-11-30 10:07:31.116 [main] SqlConnectionLogger - [0] CREATE FUNCTION "rell_text_substr1"(v TEXT, i INT) RETURNS TEXT AS $$
DECLARE n INT;
BEGIN
    IF i < 0 THEN RAISE EXCEPTION 'rell_text_substr1: i = %', i; END IF;
    n := LENGTH(v);
    IF i > n THEN RAISE EXCEPTION 'rell_text_substr1: i = %, n = %', i, n; END IF;
    RETURN SUBSTR(v, i + 1);
END;
$$ LANGUAGE PLPGSQL IMMUTABLE;

INFO  2022-11-30 10:07:31.117 [main] SqlConnectionLogger - [0] CREATE FUNCTION "rell_text_substr2"(v TEXT, i INT, j INT) RETURNS TEXT AS $$
DECLARE n INT;
BEGIN
    IF i < 0 OR j < i THEN RAISE EXCEPTION 'rell_text_substr2: i = %, j = %', i, j; END IF;
    n := LENGTH(v);
    IF j > n THEN RAISE EXCEPTION 'rell_text_substr2: i = %, j = %, n = %', i, j, n; END IF;
    RETURN SUBSTR(v, i + 1, j - i);
END;
$$ LANGUAGE PLPGSQL IMMUTABLE;

INFO  2022-11-30 10:07:31.118 [main] SqlConnectionLogger - [0] CREATE FUNCTION "rell_text_getchar"(v TEXT, i INT) RETURNS TEXT AS $$
DECLARE n INT;
BEGIN
    IF i < 0 THEN RAISE EXCEPTION 'rell_text_getchar: i = %', i; END IF;
    n := LENGTH(v);
    IF i >= n THEN RAISE EXCEPTION 'rell_text_getchar: i = %, n = %', i, n; END IF;
    RETURN SUBSTR(v, i + 1, 1);
END;
$$ LANGUAGE PLPGSQL IMMUTABLE;

INFO  2022-11-30 10:07:31.119 [main] SqlConnectionLogger - [0] create table "c100.my_name"(
  "rowid" bigint not null,
  "name" text not null,
  constraint "PK_c100.my_name"
    primary key ("rowid")
);

insert into "c100.sys.classes" (id, name, type, log) values (0, 'my_name', 'object', false);
insert into "c100.sys.attributes" (class_id, name, type) values (0, 'name', 'sys:text');

INFO  2022-11-30 10:07:31.126 [main] SqlConnectionLogger - [0] INSERT INTO "c100.my_name"("rowid", "name") VALUES (0, ?) RETURNING "rowid"
INFO  2022-11-30 10:07:31.127 [main] SqlConnectionLogger - [0] COMMIT TRANSACTION
INFO  2022-11-30 10:07:31.132 [main] SqlConnectionLogger - [0] BEGIN TRANSACTION
INFO  2022-11-30 10:07:31.133 [main] SqlConnectionLogger - [0] COMMIT TRANSACTION
INFO  2022-11-30 10:07:31.133 [main] SqlConnectionLogger - [0] BEGIN TRANSACTION
INFO  2022-11-30 10:07:31.134 [main] SqlConnectionLogger - [0] SELECT table_name FROM information_schema.tables WHERE table_catalog = CURRENT_DATABASE() AND table_schema = CURRENT_SCHEMA();
INFO  2022-11-30 10:07:31.135 [main] SqlConnectionLogger - [0] DROP TABLE IF EXISTS "meta" CASCADE;
DROP TABLE IF EXISTS "peerinfos" CASCADE;
DROP TABLE IF EXISTS "blockchain_replicas" CASCADE;
DROP TABLE IF EXISTS "blockchains" CASCADE;
DROP TABLE IF EXISTS "must_sync_until" CASCADE;
DROP TABLE IF EXISTS "c100.blocks" CASCADE;
DROP TABLE IF EXISTS "c100.transactions" CASCADE;
DROP TABLE IF EXISTS "c100.configurations" CASCADE;
DROP TABLE IF EXISTS "c100.rowid_gen" CASCADE;
DROP TABLE IF EXISTS "c100.sys.classes" CASCADE;
DROP TABLE IF EXISTS "c100.sys.attributes" CASCADE;
DROP TABLE IF EXISTS "c100.my_name" CASCADE;
INFO  2022-11-30 10:07:31.139 [main] SqlConnectionLogger - [0] SELECT routine_name FROM information_schema.routines WHERE routine_catalog = CURRENT_DATABASE() AND routine_schema = CURRENT_SCHEMA();
INFO  2022-11-30 10:07:31.142 [main] SqlConnectionLogger - [0] DROP FUNCTION "c100.make_rowid";
DROP FUNCTION "rell_bytea_substr1";
DROP FUNCTION "rell_bytea_substr2";
DROP FUNCTION "rell_text_repeat";
DROP FUNCTION "rell_text_substr1";
DROP FUNCTION "rell_text_substr2";
DROP FUNCTION "rell_text_getchar";
INFO  2022-11-30 10:07:31.146 [main] SqlConnectionLogger - [0] SELECT routine_name FROM information_schema.routines WHERE routine_catalog = CURRENT_DATABASE() AND routine_schema = CURRENT_SCHEMA();
DEBUG 2022-11-30 10:07:31.164 [main] SQLDatabaseAccess - Meta table does not exist. Assume database does not exist and create it (version: 2).
INFO  2022-11-30 10:07:31.219 [main] SqlConnectionLogger - [0] CREATE TABLE "c100.rowid_gen"( last_value bigint not null);
INSERT INTO "c100.rowid_gen"(last_value) VALUES (0);
CREATE FUNCTION "c100.make_rowid"() RETURNS BIGINT AS
'UPDATE "c100.rowid_gen" SET last_value = last_value + 1 RETURNING last_value'
LANGUAGE SQL;

INFO  2022-11-30 10:07:31.221 [main] SqlConnectionLogger - [0] CREATE TABLE "c100.sys.classes"(
    "id" INT NOT NULL PRIMARY KEY,
    "name" TEXT NOT NULL UNIQUE,
    "type" TEXT NOT NULL,
    "log" BOOLEAN NOT NULL
);
CREATE TABLE "c100.sys.attributes"(
    "class_id" INT NOT NULL,
    "name" TEXT NOT NULL,
    "type" TEXT NOT NULL
);

INFO  2022-11-30 10:07:31.227 [main] SqlConnectionLogger - [0] CREATE FUNCTION "rell_bytea_substr1"(v BYTEA, i INT) RETURNS BYTEA AS $$
DECLARE n INT;
BEGIN
    IF i < 0 THEN RAISE EXCEPTION 'rell_bytea_substr1: i = %', i; END IF;
    n := LENGTH(v);
    IF i > n THEN RAISE EXCEPTION 'rell_bytea_substr1: i = %, n = %', i, n; END IF;
    RETURN SUBSTR(v, i + 1);
END;
$$ LANGUAGE PLPGSQL IMMUTABLE;

INFO  2022-11-30 10:07:31.229 [main] SqlConnectionLogger - [0] CREATE FUNCTION "rell_bytea_substr2"(v BYTEA, i INT, j INT) RETURNS BYTEA AS $$
DECLARE n INT;
BEGIN
    IF i < 0 OR j < i THEN RAISE EXCEPTION 'rell_bytea_substr2: i = %, j = %', i, j; END IF;
    n := LENGTH(v);
    IF j > n THEN RAISE EXCEPTION 'rell_bytea_substr2: i = %, j = %, n = %', i, j, n; END IF;
    RETURN SUBSTR(v, i + 1, j - i);
END;
$$ LANGUAGE PLPGSQL IMMUTABLE;

INFO  2022-11-30 10:07:31.230 [main] SqlConnectionLogger - [0] CREATE FUNCTION "rell_text_repeat"(v TEXT, i INT) RETURNS TEXT AS $$
BEGIN
    IF i < 0 THEN RAISE EXCEPTION 'rell_text_repeat: i = %', i; END IF;
    RETURN REPEAT(v, i);
END;
$$ LANGUAGE PLPGSQL IMMUTABLE;

INFO  2022-11-30 10:07:31.231 [main] SqlConnectionLogger - [0] CREATE FUNCTION "rell_text_substr1"(v TEXT, i INT) RETURNS TEXT AS $$
DECLARE n INT;
BEGIN
    IF i < 0 THEN RAISE EXCEPTION 'rell_text_substr1: i = %', i; END IF;
    n := LENGTH(v);
    IF i > n THEN RAISE EXCEPTION 'rell_text_substr1: i = %, n = %', i, n; END IF;
    RETURN SUBSTR(v, i + 1);
END;
$$ LANGUAGE PLPGSQL IMMUTABLE;

INFO  2022-11-30 10:07:31.232 [main] SqlConnectionLogger - [0] CREATE FUNCTION "rell_text_substr2"(v TEXT, i INT, j INT) RETURNS TEXT AS $$
DECLARE n INT;
BEGIN
    IF i < 0 OR j < i THEN RAISE EXCEPTION 'rell_text_substr2: i = %, j = %', i, j; END IF;
    n := LENGTH(v);
    IF j > n THEN RAISE EXCEPTION 'rell_text_substr2: i = %, j = %, n = %', i, j, n; END IF;
    RETURN SUBSTR(v, i + 1, j - i);
END;
$$ LANGUAGE PLPGSQL IMMUTABLE;

INFO  2022-11-30 10:07:31.233 [main] SqlConnectionLogger - [0] CREATE FUNCTION "rell_text_getchar"(v TEXT, i INT) RETURNS TEXT AS $$
DECLARE n INT;
BEGIN
    IF i < 0 THEN RAISE EXCEPTION 'rell_text_getchar: i = %', i; END IF;
    n := LENGTH(v);
    IF i >= n THEN RAISE EXCEPTION 'rell_text_getchar: i = %, n = %', i, n; END IF;
    RETURN SUBSTR(v, i + 1, 1);
END;
$$ LANGUAGE PLPGSQL IMMUTABLE;

INFO  2022-11-30 10:07:31.234 [main] SqlConnectionLogger - [0] create table "c100.my_name"(
  "rowid" bigint not null,
  "name" text not null,
  constraint "PK_c100.my_name"
    primary key ("rowid")
);

insert into "c100.sys.classes" (id, name, type, log) values (0, 'my_name', 'object', false);
insert into "c100.sys.attributes" (class_id, name, type) values (0, 'name', 'sys:text');

INFO  2022-11-30 10:07:31.238 [main] SqlConnectionLogger - [0] INSERT INTO "c100.my_name"("rowid", "name") VALUES (0, ?) RETURNING "rowid"
INFO  2022-11-30 10:07:31.240 [main] SqlConnectionLogger - [0] COMMIT TRANSACTION
INFO  2022-11-30 10:07:31.243 [main] SqlConnectionLogger - [0] BEGIN TRANSACTION
INFO  2022-11-30 10:07:31.244 [main] SqlConnectionLogger - [0] COMMIT TRANSACTION
INFO  2022-11-30 10:07:31.244 [main] SqlConnectionLogger - [0] BEGIN TRANSACTION
INFO  2022-11-30 10:07:31.244 [main] SqlConnectionLogger - [0] SELECT table_name FROM information_schema.tables WHERE table_catalog = CURRENT_DATABASE() AND table_schema = CURRENT_SCHEMA();
INFO  2022-11-30 10:07:31.246 [main] SqlConnectionLogger - [0] DROP TABLE IF EXISTS "meta" CASCADE;
DROP TABLE IF EXISTS "peerinfos" CASCADE;
DROP TABLE IF EXISTS "blockchain_replicas" CASCADE;
DROP TABLE IF EXISTS "blockchains" CASCADE;
DROP TABLE IF EXISTS "must_sync_until" CASCADE;
DROP TABLE IF EXISTS "c100.blocks" CASCADE;
DROP TABLE IF EXISTS "c100.transactions" CASCADE;
DROP TABLE IF EXISTS "c100.configurations" CASCADE;
DROP TABLE IF EXISTS "c100.rowid_gen" CASCADE;
DROP TABLE IF EXISTS "c100.sys.classes" CASCADE;
DROP TABLE IF EXISTS "c100.sys.attributes" CASCADE;
DROP TABLE IF EXISTS "c100.my_name" CASCADE;
INFO  2022-11-30 10:07:31.250 [main] SqlConnectionLogger - [0] SELECT routine_name FROM information_schema.routines WHERE routine_catalog = CURRENT_DATABASE() AND routine_schema = CURRENT_SCHEMA();
INFO  2022-11-30 10:07:31.252 [main] SqlConnectionLogger - [0] DROP FUNCTION "c100.make_rowid";
DROP FUNCTION "rell_bytea_substr1";
DROP FUNCTION "rell_bytea_substr2";
DROP FUNCTION "rell_text_repeat";
DROP FUNCTION "rell_text_substr1";
DROP FUNCTION "rell_text_substr2";
DROP FUNCTION "rell_text_getchar";
INFO  2022-11-30 10:07:31.256 [main] SqlConnectionLogger - [0] SELECT routine_name FROM information_schema.routines WHERE routine_catalog = CURRENT_DATABASE() AND routine_schema = CURRENT_SCHEMA();
DEBUG 2022-11-30 10:07:31.273 [main] SQLDatabaseAccess - Meta table does not exist. Assume database does not exist and create it (version: 2).
INFO  2022-11-30 10:07:31.326 [main] SqlConnectionLogger - [0] CREATE TABLE "c100.rowid_gen"( last_value bigint not null);
INSERT INTO "c100.rowid_gen"(last_value) VALUES (0);
CREATE FUNCTION "c100.make_rowid"() RETURNS BIGINT AS
'UPDATE "c100.rowid_gen" SET last_value = last_value + 1 RETURNING last_value'
LANGUAGE SQL;

INFO  2022-11-30 10:07:31.327 [main] SqlConnectionLogger - [0] CREATE TABLE "c100.sys.classes"(
    "id" INT NOT NULL PRIMARY KEY,
    "name" TEXT NOT NULL UNIQUE,
    "type" TEXT NOT NULL,
    "log" BOOLEAN NOT NULL
);
CREATE TABLE "c100.sys.attributes"(
    "class_id" INT NOT NULL,
    "name" TEXT NOT NULL,
    "type" TEXT NOT NULL
);

INFO  2022-11-30 10:07:31.335 [main] SqlConnectionLogger - [0] CREATE FUNCTION "rell_bytea_substr1"(v BYTEA, i INT) RETURNS BYTEA AS $$
DECLARE n INT;
BEGIN
    IF i < 0 THEN RAISE EXCEPTION 'rell_bytea_substr1: i = %', i; END IF;
    n := LENGTH(v);
    IF i > n THEN RAISE EXCEPTION 'rell_bytea_substr1: i = %, n = %', i, n; END IF;
    RETURN SUBSTR(v, i + 1);
END;
$$ LANGUAGE PLPGSQL IMMUTABLE;

INFO  2022-11-30 10:07:31.336 [main] SqlConnectionLogger - [0] CREATE FUNCTION "rell_bytea_substr2"(v BYTEA, i INT, j INT) RETURNS BYTEA AS $$
DECLARE n INT;
BEGIN
    IF i < 0 OR j < i THEN RAISE EXCEPTION 'rell_bytea_substr2: i = %, j = %', i, j; END IF;
    n := LENGTH(v);
    IF j > n THEN RAISE EXCEPTION 'rell_bytea_substr2: i = %, j = %, n = %', i, j, n; END IF;
    RETURN SUBSTR(v, i + 1, j - i);
END;
$$ LANGUAGE PLPGSQL IMMUTABLE;

INFO  2022-11-30 10:07:31.337 [main] SqlConnectionLogger - [0] CREATE FUNCTION "rell_text_repeat"(v TEXT, i INT) RETURNS TEXT AS $$
BEGIN
    IF i < 0 THEN RAISE EXCEPTION 'rell_text_repeat: i = %', i; END IF;
    RETURN REPEAT(v, i);
END;
$$ LANGUAGE PLPGSQL IMMUTABLE;

INFO  2022-11-30 10:07:31.338 [main] SqlConnectionLogger - [0] CREATE FUNCTION "rell_text_substr1"(v TEXT, i INT) RETURNS TEXT AS $$
DECLARE n INT;
BEGIN
    IF i < 0 THEN RAISE EXCEPTION 'rell_text_substr1: i = %', i; END IF;
    n := LENGTH(v);
    IF i > n THEN RAISE EXCEPTION 'rell_text_substr1: i = %, n = %', i, n; END IF;
    RETURN SUBSTR(v, i + 1);
END;
$$ LANGUAGE PLPGSQL IMMUTABLE;

INFO  2022-11-30 10:07:31.339 [main] SqlConnectionLogger - [0] CREATE FUNCTION "rell_text_substr2"(v TEXT, i INT, j INT) RETURNS TEXT AS $$
DECLARE n INT;
BEGIN
    IF i < 0 OR j < i THEN RAISE EXCEPTION 'rell_text_substr2: i = %, j = %', i, j; END IF;
    n := LENGTH(v);
    IF j > n THEN RAISE EXCEPTION 'rell_text_substr2: i = %, j = %, n = %', i, j, n; END IF;
    RETURN SUBSTR(v, i + 1, j - i);
END;
$$ LANGUAGE PLPGSQL IMMUTABLE;

INFO  2022-11-30 10:07:31.341 [main] SqlConnectionLogger - [0] CREATE FUNCTION "rell_text_getchar"(v TEXT, i INT) RETURNS TEXT AS $$
DECLARE n INT;
BEGIN
    IF i < 0 THEN RAISE EXCEPTION 'rell_text_getchar: i = %', i; END IF;
    n := LENGTH(v);
    IF i >= n THEN RAISE EXCEPTION 'rell_text_getchar: i = %, n = %', i, n; END IF;
    RETURN SUBSTR(v, i + 1, 1);
END;
$$ LANGUAGE PLPGSQL IMMUTABLE;

INFO  2022-11-30 10:07:31.342 [main] SqlConnectionLogger - [0] create table "c100.my_name"(
  "rowid" bigint not null,
  "name" text not null,
  constraint "PK_c100.my_name"
    primary key ("rowid")
);

insert into "c100.sys.classes" (id, name, type, log) values (0, 'my_name', 'object', false);
insert into "c100.sys.attributes" (class_id, name, type) values (0, 'name', 'sys:text');

INFO  2022-11-30 10:07:31.345 [main] SqlConnectionLogger - [0] INSERT INTO "c100.my_name"("rowid", "name") VALUES (0, ?) RETURNING "rowid"
INFO  2022-11-30 10:07:31.347 [main] SqlConnectionLogger - [0] COMMIT TRANSACTION
INFO  2022-11-30 10:07:31.351 [main] SqlConnectionLogger - [0] BEGIN TRANSACTION
INFO  2022-11-30 10:07:31.355 [main] SqlConnectionLogger - [0] SELECT A00."name" FROM "c100.my_name" A00 ORDER BY A00."rowid"
INFO  2022-11-30 10:07:31.359 [main] SqlConnectionLogger - [0] SELECT A00."name" FROM "c100.my_name" A00 ORDER BY A00."rowid"
DEBUG 2022-11-30 10:07:31.424 [main] CompositeGTXModule - Initialize DB for module: net.postchain.rell.module.RellPostchainModule@76dc36e5
DEBUG 2022-11-30 10:07:31.452 [main] CompositeGTXModule - Initialize DB for module: net.postchain.gtx.StandardOpsGTXModule@7be7c052
INFO  2022-11-30 10:07:31.501 [main] SqlConnectionLogger - [0] SELECT A00."name" FROM "c100.my_name" A00 ORDER BY A00."rowid"
INFO  2022-11-30 10:07:31.502 [main] SqlConnectionLogger - [0] COMMIT TRANSACTION
INFO  2022-11-30 10:08:18.520 [main] SqlConnectionLogger - [0] BEGIN TRANSACTION
INFO  2022-11-30 10:08:18.523 [main] SqlConnectionLogger - [0] SELECT table_name FROM information_schema.tables WHERE table_catalog = CURRENT_DATABASE() AND table_schema = CURRENT_SCHEMA();
INFO  2022-11-30 10:08:18.534 [main] SqlConnectionLogger - [0] DROP TABLE IF EXISTS "c100.my_name" CASCADE;
DROP TABLE IF EXISTS "c100.sys.attributes" CASCADE;
DROP TABLE IF EXISTS "c100.gtx_module_version" CASCADE;
DROP TABLE IF EXISTS "meta" CASCADE;
DROP TABLE IF EXISTS "peerinfos" CASCADE;
DROP TABLE IF EXISTS "blockchain_replicas" CASCADE;
DROP TABLE IF EXISTS "blockchains" CASCADE;
DROP TABLE IF EXISTS "must_sync_until" CASCADE;
DROP TABLE IF EXISTS "c100.blocks" CASCADE;
DROP TABLE IF EXISTS "c100.transactions" CASCADE;
DROP TABLE IF EXISTS "c100.configurations" CASCADE;
DROP TABLE IF EXISTS "c100.rowid_gen" CASCADE;
DROP TABLE IF EXISTS "c100.sys.classes" CASCADE;
INFO  2022-11-30 10:08:18.541 [main] SqlConnectionLogger - [0] SELECT routine_name FROM information_schema.routines WHERE routine_catalog = CURRENT_DATABASE() AND routine_schema = CURRENT_SCHEMA();
INFO  2022-11-30 10:08:18.546 [main] SqlConnectionLogger - [0] DROP FUNCTION "c100.make_rowid";
DROP FUNCTION "rell_bytea_substr1";
DROP FUNCTION "rell_bytea_substr2";
DROP FUNCTION "rell_text_repeat";
DROP FUNCTION "rell_text_substr1";
DROP FUNCTION "rell_text_substr2";
DROP FUNCTION "rell_text_getchar";
INFO  2022-11-30 10:08:18.556 [main] SqlConnectionLogger - [0] SELECT routine_name FROM information_schema.routines WHERE routine_catalog = CURRENT_DATABASE() AND routine_schema = CURRENT_SCHEMA();
DEBUG 2022-11-30 10:08:18.669 [main] SQLDatabaseAccess - Meta table does not exist. Assume database does not exist and create it (version: 2).
INFO  2022-11-30 10:08:18.740 [main] SqlConnectionLogger - [0] CREATE TABLE "c100.rowid_gen"( last_value bigint not null);
INSERT INTO "c100.rowid_gen"(last_value) VALUES (0);
CREATE FUNCTION "c100.make_rowid"() RETURNS BIGINT AS
'UPDATE "c100.rowid_gen" SET last_value = last_value + 1 RETURNING last_value'
LANGUAGE SQL;

INFO  2022-11-30 10:08:18.742 [main] SqlConnectionLogger - [0] CREATE TABLE "c100.sys.classes"(
    "id" INT NOT NULL PRIMARY KEY,
    "name" TEXT NOT NULL UNIQUE,
    "type" TEXT NOT NULL,
    "log" BOOLEAN NOT NULL
);
CREATE TABLE "c100.sys.attributes"(
    "class_id" INT NOT NULL,
    "name" TEXT NOT NULL,
    "type" TEXT NOT NULL
);

INFO  2022-11-30 10:08:18.748 [main] SqlConnectionLogger - [0] CREATE FUNCTION "rell_bytea_substr1"(v BYTEA, i INT) RETURNS BYTEA AS $$
DECLARE n INT;
BEGIN
    IF i < 0 THEN RAISE EXCEPTION 'rell_bytea_substr1: i = %', i; END IF;
    n := LENGTH(v);
    IF i > n THEN RAISE EXCEPTION 'rell_bytea_substr1: i = %, n = %', i, n; END IF;
    RETURN SUBSTR(v, i + 1);
END;
$$ LANGUAGE PLPGSQL IMMUTABLE;

INFO  2022-11-30 10:08:18.751 [main] SqlConnectionLogger - [0] CREATE FUNCTION "rell_bytea_substr2"(v BYTEA, i INT, j INT) RETURNS BYTEA AS $$
DECLARE n INT;
BEGIN
    IF i < 0 OR j < i THEN RAISE EXCEPTION 'rell_bytea_substr2: i = %, j = %', i, j; END IF;
    n := LENGTH(v);
    IF j > n THEN RAISE EXCEPTION 'rell_bytea_substr2: i = %, j = %, n = %', i, j, n; END IF;
    RETURN SUBSTR(v, i + 1, j - i);
END;
$$ LANGUAGE PLPGSQL IMMUTABLE;

INFO  2022-11-30 10:08:18.752 [main] SqlConnectionLogger - [0] CREATE FUNCTION "rell_text_repeat"(v TEXT, i INT) RETURNS TEXT AS $$
BEGIN
    IF i < 0 THEN RAISE EXCEPTION 'rell_text_repeat: i = %', i; END IF;
    RETURN REPEAT(v, i);
END;
$$ LANGUAGE PLPGSQL IMMUTABLE;

INFO  2022-11-30 10:08:18.753 [main] SqlConnectionLogger - [0] CREATE FUNCTION "rell_text_substr1"(v TEXT, i INT) RETURNS TEXT AS $$
DECLARE n INT;
BEGIN
    IF i < 0 THEN RAISE EXCEPTION 'rell_text_substr1: i = %', i; END IF;
    n := LENGTH(v);
    IF i > n THEN RAISE EXCEPTION 'rell_text_substr1: i = %, n = %', i, n; END IF;
    RETURN SUBSTR(v, i + 1);
END;
$$ LANGUAGE PLPGSQL IMMUTABLE;

INFO  2022-11-30 10:08:18.755 [main] SqlConnectionLogger - [0] CREATE FUNCTION "rell_text_substr2"(v TEXT, i INT, j INT) RETURNS TEXT AS $$
DECLARE n INT;
BEGIN
    IF i < 0 OR j < i THEN RAISE EXCEPTION 'rell_text_substr2: i = %, j = %', i, j; END IF;
    n := LENGTH(v);
    IF j > n THEN RAISE EXCEPTION 'rell_text_substr2: i = %, j = %, n = %', i, j, n; END IF;
    RETURN SUBSTR(v, i + 1, j - i);
END;
$$ LANGUAGE PLPGSQL IMMUTABLE;

INFO  2022-11-30 10:08:18.756 [main] SqlConnectionLogger - [0] CREATE FUNCTION "rell_text_getchar"(v TEXT, i INT) RETURNS TEXT AS $$
DECLARE n INT;
BEGIN
    IF i < 0 THEN RAISE EXCEPTION 'rell_text_getchar: i = %', i; END IF;
    n := LENGTH(v);
    IF i >= n THEN RAISE EXCEPTION 'rell_text_getchar: i = %, n = %', i, n; END IF;
    RETURN SUBSTR(v, i + 1, 1);
END;
$$ LANGUAGE PLPGSQL IMMUTABLE;

INFO  2022-11-30 10:08:18.757 [main] SqlConnectionLogger - [0] create table "c100.my_name"(
  "rowid" bigint not null,
  "name" text not null,
  constraint "PK_c100.my_name"
    primary key ("rowid")
);

insert into "c100.sys.classes" (id, name, type, log) values (0, 'my_name', 'object', false);
insert into "c100.sys.attributes" (class_id, name, type) values (0, 'name', 'sys:text');

INFO  2022-11-30 10:08:18.764 [main] SqlConnectionLogger - [0] INSERT INTO "c100.my_name"("rowid", "name") VALUES (0, ?) RETURNING "rowid"
INFO  2022-11-30 10:08:18.765 [main] SqlConnectionLogger - [0] COMMIT TRANSACTION
INFO  2022-11-30 10:08:18.772 [main] SqlConnectionLogger - [0] BEGIN TRANSACTION
INFO  2022-11-30 10:08:18.773 [main] SqlConnectionLogger - [0] COMMIT TRANSACTION
INFO  2022-11-30 10:08:18.774 [main] SqlConnectionLogger - [0] BEGIN TRANSACTION
INFO  2022-11-30 10:08:18.774 [main] SqlConnectionLogger - [0] SELECT table_name FROM information_schema.tables WHERE table_catalog = CURRENT_DATABASE() AND table_schema = CURRENT_SCHEMA();
INFO  2022-11-30 10:08:18.775 [main] SqlConnectionLogger - [0] DROP TABLE IF EXISTS "meta" CASCADE;
DROP TABLE IF EXISTS "peerinfos" CASCADE;
DROP TABLE IF EXISTS "blockchain_replicas" CASCADE;
DROP TABLE IF EXISTS "blockchains" CASCADE;
DROP TABLE IF EXISTS "must_sync_until" CASCADE;
DROP TABLE IF EXISTS "c100.blocks" CASCADE;
DROP TABLE IF EXISTS "c100.transactions" CASCADE;
DROP TABLE IF EXISTS "c100.configurations" CASCADE;
DROP TABLE IF EXISTS "c100.rowid_gen" CASCADE;
DROP TABLE IF EXISTS "c100.sys.classes" CASCADE;
DROP TABLE IF EXISTS "c100.sys.attributes" CASCADE;
DROP TABLE IF EXISTS "c100.my_name" CASCADE;
INFO  2022-11-30 10:08:18.780 [main] SqlConnectionLogger - [0] SELECT routine_name FROM information_schema.routines WHERE routine_catalog = CURRENT_DATABASE() AND routine_schema = CURRENT_SCHEMA();
INFO  2022-11-30 10:08:18.782 [main] SqlConnectionLogger - [0] DROP FUNCTION "c100.make_rowid";
DROP FUNCTION "rell_bytea_substr1";
DROP FUNCTION "rell_bytea_substr2";
DROP FUNCTION "rell_text_repeat";
DROP FUNCTION "rell_text_substr1";
DROP FUNCTION "rell_text_substr2";
DROP FUNCTION "rell_text_getchar";
INFO  2022-11-30 10:08:18.786 [main] SqlConnectionLogger - [0] SELECT routine_name FROM information_schema.routines WHERE routine_catalog = CURRENT_DATABASE() AND routine_schema = CURRENT_SCHEMA();
DEBUG 2022-11-30 10:08:18.804 [main] SQLDatabaseAccess - Meta table does not exist. Assume database does not exist and create it (version: 2).
INFO  2022-11-30 10:08:18.871 [main] SqlConnectionLogger - [0] CREATE TABLE "c100.rowid_gen"( last_value bigint not null);
INSERT INTO "c100.rowid_gen"(last_value) VALUES (0);
CREATE FUNCTION "c100.make_rowid"() RETURNS BIGINT AS
'UPDATE "c100.rowid_gen" SET last_value = last_value + 1 RETURNING last_value'
LANGUAGE SQL;

INFO  2022-11-30 10:08:18.872 [main] SqlConnectionLogger - [0] CREATE TABLE "c100.sys.classes"(
    "id" INT NOT NULL PRIMARY KEY,
    "name" TEXT NOT NULL UNIQUE,
    "type" TEXT NOT NULL,
    "log" BOOLEAN NOT NULL
);
CREATE TABLE "c100.sys.attributes"(
    "class_id" INT NOT NULL,
    "name" TEXT NOT NULL,
    "type" TEXT NOT NULL
);

INFO  2022-11-30 10:08:18.879 [main] SqlConnectionLogger - [0] CREATE FUNCTION "rell_bytea_substr1"(v BYTEA, i INT) RETURNS BYTEA AS $$
DECLARE n INT;
BEGIN
    IF i < 0 THEN RAISE EXCEPTION 'rell_bytea_substr1: i = %', i; END IF;
    n := LENGTH(v);
    IF i > n THEN RAISE EXCEPTION 'rell_bytea_substr1: i = %, n = %', i, n; END IF;
    RETURN SUBSTR(v, i + 1);
END;
$$ LANGUAGE PLPGSQL IMMUTABLE;

INFO  2022-11-30 10:08:18.880 [main] SqlConnectionLogger - [0] CREATE FUNCTION "rell_bytea_substr2"(v BYTEA, i INT, j INT) RETURNS BYTEA AS $$
DECLARE n INT;
BEGIN
    IF i < 0 OR j < i THEN RAISE EXCEPTION 'rell_bytea_substr2: i = %, j = %', i, j; END IF;
    n := LENGTH(v);
    IF j > n THEN RAISE EXCEPTION 'rell_bytea_substr2: i = %, j = %, n = %', i, j, n; END IF;
    RETURN SUBSTR(v, i + 1, j - i);
END;
$$ LANGUAGE PLPGSQL IMMUTABLE;

INFO  2022-11-30 10:08:18.881 [main] SqlConnectionLogger - [0] CREATE FUNCTION "rell_text_repeat"(v TEXT, i INT) RETURNS TEXT AS $$
BEGIN
    IF i < 0 THEN RAISE EXCEPTION 'rell_text_repeat: i = %', i; END IF;
    RETURN REPEAT(v, i);
END;
$$ LANGUAGE PLPGSQL IMMUTABLE;

INFO  2022-11-30 10:08:18.882 [main] SqlConnectionLogger - [0] CREATE FUNCTION "rell_text_substr1"(v TEXT, i INT) RETURNS TEXT AS $$
DECLARE n INT;
BEGIN
    IF i < 0 THEN RAISE EXCEPTION 'rell_text_substr1: i = %', i; END IF;
    n := LENGTH(v);
    IF i > n THEN RAISE EXCEPTION 'rell_text_substr1: i = %, n = %', i, n; END IF;
    RETURN SUBSTR(v, i + 1);
END;
$$ LANGUAGE PLPGSQL IMMUTABLE;

INFO  2022-11-30 10:08:18.883 [main] SqlConnectionLogger - [0] CREATE FUNCTION "rell_text_substr2"(v TEXT, i INT, j INT) RETURNS TEXT AS $$
DECLARE n INT;
BEGIN
    IF i < 0 OR j < i THEN RAISE EXCEPTION 'rell_text_substr2: i = %, j = %', i, j; END IF;
    n := LENGTH(v);
    IF j > n THEN RAISE EXCEPTION 'rell_text_substr2: i = %, j = %, n = %', i, j, n; END IF;
    RETURN SUBSTR(v, i + 1, j - i);
END;
$$ LANGUAGE PLPGSQL IMMUTABLE;

INFO  2022-11-30 10:08:18.884 [main] SqlConnectionLogger - [0] CREATE FUNCTION "rell_text_getchar"(v TEXT, i INT) RETURNS TEXT AS $$
DECLARE n INT;
BEGIN
    IF i < 0 THEN RAISE EXCEPTION 'rell_text_getchar: i = %', i; END IF;
    n := LENGTH(v);
    IF i >= n THEN RAISE EXCEPTION 'rell_text_getchar: i = %, n = %', i, n; END IF;
    RETURN SUBSTR(v, i + 1, 1);
END;
$$ LANGUAGE PLPGSQL IMMUTABLE;

INFO  2022-11-30 10:08:18.885 [main] SqlConnectionLogger - [0] create table "c100.my_name"(
  "rowid" bigint not null,
  "name" text not null,
  constraint "PK_c100.my_name"
    primary key ("rowid")
);

insert into "c100.sys.classes" (id, name, type, log) values (0, 'my_name', 'object', false);
insert into "c100.sys.attributes" (class_id, name, type) values (0, 'name', 'sys:text');

INFO  2022-11-30 10:08:18.890 [main] SqlConnectionLogger - [0] INSERT INTO "c100.my_name"("rowid", "name") VALUES (0, ?) RETURNING "rowid"
INFO  2022-11-30 10:08:18.892 [main] SqlConnectionLogger - [0] COMMIT TRANSACTION
INFO  2022-11-30 10:08:18.896 [main] SqlConnectionLogger - [0] BEGIN TRANSACTION
INFO  2022-11-30 10:08:18.896 [main] SqlConnectionLogger - [0] COMMIT TRANSACTION
INFO  2022-11-30 10:08:18.896 [main] SqlConnectionLogger - [0] BEGIN TRANSACTION
INFO  2022-11-30 10:08:18.896 [main] SqlConnectionLogger - [0] SELECT table_name FROM information_schema.tables WHERE table_catalog = CURRENT_DATABASE() AND table_schema = CURRENT_SCHEMA();
INFO  2022-11-30 10:08:18.898 [main] SqlConnectionLogger - [0] DROP TABLE IF EXISTS "meta" CASCADE;
DROP TABLE IF EXISTS "peerinfos" CASCADE;
DROP TABLE IF EXISTS "blockchain_replicas" CASCADE;
DROP TABLE IF EXISTS "blockchains" CASCADE;
DROP TABLE IF EXISTS "must_sync_until" CASCADE;
DROP TABLE IF EXISTS "c100.blocks" CASCADE;
DROP TABLE IF EXISTS "c100.transactions" CASCADE;
DROP TABLE IF EXISTS "c100.configurations" CASCADE;
DROP TABLE IF EXISTS "c100.rowid_gen" CASCADE;
DROP TABLE IF EXISTS "c100.sys.classes" CASCADE;
DROP TABLE IF EXISTS "c100.sys.attributes" CASCADE;
DROP TABLE IF EXISTS "c100.my_name" CASCADE;
INFO  2022-11-30 10:08:18.902 [main] SqlConnectionLogger - [0] SELECT routine_name FROM information_schema.routines WHERE routine_catalog = CURRENT_DATABASE() AND routine_schema = CURRENT_SCHEMA();
INFO  2022-11-30 10:08:18.905 [main] SqlConnectionLogger - [0] DROP FUNCTION "c100.make_rowid";
DROP FUNCTION "rell_bytea_substr1";
DROP FUNCTION "rell_bytea_substr2";
DROP FUNCTION "rell_text_repeat";
DROP FUNCTION "rell_text_substr1";
DROP FUNCTION "rell_text_substr2";
DROP FUNCTION "rell_text_getchar";
INFO  2022-11-30 10:08:18.909 [main] SqlConnectionLogger - [0] SELECT routine_name FROM information_schema.routines WHERE routine_catalog = CURRENT_DATABASE() AND routine_schema = CURRENT_SCHEMA();
DEBUG 2022-11-30 10:08:18.927 [main] SQLDatabaseAccess - Meta table does not exist. Assume database does not exist and create it (version: 2).
INFO  2022-11-30 10:08:18.979 [main] SqlConnectionLogger - [0] CREATE TABLE "c100.rowid_gen"( last_value bigint not null);
INSERT INTO "c100.rowid_gen"(last_value) VALUES (0);
CREATE FUNCTION "c100.make_rowid"() RETURNS BIGINT AS
'UPDATE "c100.rowid_gen" SET last_value = last_value + 1 RETURNING last_value'
LANGUAGE SQL;

INFO  2022-11-30 10:08:18.981 [main] SqlConnectionLogger - [0] CREATE TABLE "c100.sys.classes"(
    "id" INT NOT NULL PRIMARY KEY,
    "name" TEXT NOT NULL UNIQUE,
    "type" TEXT NOT NULL,
    "log" BOOLEAN NOT NULL
);
CREATE TABLE "c100.sys.attributes"(
    "class_id" INT NOT NULL,
    "name" TEXT NOT NULL,
    "type" TEXT NOT NULL
);

INFO  2022-11-30 10:08:18.987 [main] SqlConnectionLogger - [0] CREATE FUNCTION "rell_bytea_substr1"(v BYTEA, i INT) RETURNS BYTEA AS $$
DECLARE n INT;
BEGIN
    IF i < 0 THEN RAISE EXCEPTION 'rell_bytea_substr1: i = %', i; END IF;
    n := LENGTH(v);
    IF i > n THEN RAISE EXCEPTION 'rell_bytea_substr1: i = %, n = %', i, n; END IF;
    RETURN SUBSTR(v, i + 1);
END;
$$ LANGUAGE PLPGSQL IMMUTABLE;

INFO  2022-11-30 10:08:18.988 [main] SqlConnectionLogger - [0] CREATE FUNCTION "rell_bytea_substr2"(v BYTEA, i INT, j INT) RETURNS BYTEA AS $$
DECLARE n INT;
BEGIN
    IF i < 0 OR j < i THEN RAISE EXCEPTION 'rell_bytea_substr2: i = %, j = %', i, j; END IF;
    n := LENGTH(v);
    IF j > n THEN RAISE EXCEPTION 'rell_bytea_substr2: i = %, j = %, n = %', i, j, n; END IF;
    RETURN SUBSTR(v, i + 1, j - i);
END;
$$ LANGUAGE PLPGSQL IMMUTABLE;

INFO  2022-11-30 10:08:18.990 [main] SqlConnectionLogger - [0] CREATE FUNCTION "rell_text_repeat"(v TEXT, i INT) RETURNS TEXT AS $$
BEGIN
    IF i < 0 THEN RAISE EXCEPTION 'rell_text_repeat: i = %', i; END IF;
    RETURN REPEAT(v, i);
END;
$$ LANGUAGE PLPGSQL IMMUTABLE;

INFO  2022-11-30 10:08:18.991 [main] SqlConnectionLogger - [0] CREATE FUNCTION "rell_text_substr1"(v TEXT, i INT) RETURNS TEXT AS $$
DECLARE n INT;
BEGIN
    IF i < 0 THEN RAISE EXCEPTION 'rell_text_substr1: i = %', i; END IF;
    n := LENGTH(v);
    IF i > n THEN RAISE EXCEPTION 'rell_text_substr1: i = %, n = %', i, n; END IF;
    RETURN SUBSTR(v, i + 1);
END;
$$ LANGUAGE PLPGSQL IMMUTABLE;

INFO  2022-11-30 10:08:18.992 [main] SqlConnectionLogger - [0] CREATE FUNCTION "rell_text_substr2"(v TEXT, i INT, j INT) RETURNS TEXT AS $$
DECLARE n INT;
BEGIN
    IF i < 0 OR j < i THEN RAISE EXCEPTION 'rell_text_substr2: i = %, j = %', i, j; END IF;
    n := LENGTH(v);
    IF j > n THEN RAISE EXCEPTION 'rell_text_substr2: i = %, j = %, n = %', i, j, n; END IF;
    RETURN SUBSTR(v, i + 1, j - i);
END;
$$ LANGUAGE PLPGSQL IMMUTABLE;

INFO  2022-11-30 10:08:18.993 [main] SqlConnectionLogger - [0] CREATE FUNCTION "rell_text_getchar"(v TEXT, i INT) RETURNS TEXT AS $$
DECLARE n INT;
BEGIN
    IF i < 0 THEN RAISE EXCEPTION 'rell_text_getchar: i = %', i; END IF;
    n := LENGTH(v);
    IF i >= n THEN RAISE EXCEPTION 'rell_text_getchar: i = %, n = %', i, n; END IF;
    RETURN SUBSTR(v, i + 1, 1);
END;
$$ LANGUAGE PLPGSQL IMMUTABLE;

INFO  2022-11-30 10:08:18.994 [main] SqlConnectionLogger - [0] create table "c100.my_name"(
  "rowid" bigint not null,
  "name" text not null,
  constraint "PK_c100.my_name"
    primary key ("rowid")
);

insert into "c100.sys.classes" (id, name, type, log) values (0, 'my_name', 'object', false);
insert into "c100.sys.attributes" (class_id, name, type) values (0, 'name', 'sys:text');

INFO  2022-11-30 10:08:18.998 [main] SqlConnectionLogger - [0] INSERT INTO "c100.my_name"("rowid", "name") VALUES (0, ?) RETURNING "rowid"
INFO  2022-11-30 10:08:18.999 [main] SqlConnectionLogger - [0] COMMIT TRANSACTION
INFO  2022-11-30 10:08:19.002 [main] SqlConnectionLogger - [0] BEGIN TRANSACTION
INFO  2022-11-30 10:08:19.006 [main] SqlConnectionLogger - [0] SELECT A00."name" FROM "c100.my_name" A00 ORDER BY A00."rowid"
INFO  2022-11-30 10:08:19.010 [main] SqlConnectionLogger - [0] SELECT A00."name" FROM "c100.my_name" A00 ORDER BY A00."rowid"
DEBUG 2022-11-30 10:08:19.072 [main] CompositeGTXModule - Initialize DB for module: net.postchain.rell.module.RellPostchainModule@77f03916
DEBUG 2022-11-30 10:08:19.098 [main] CompositeGTXModule - Initialize DB for module: net.postchain.gtx.StandardOpsGTXModule@3a9c11fb
INFO  2022-11-30 10:08:19.146 [main] SqlConnectionLogger - [0] SELECT A00."name" FROM "c100.my_name" A00 ORDER BY A00."rowid"
INFO  2022-11-30 10:08:19.147 [main] SqlConnectionLogger - [0] COMMIT TRANSACTION
INFO  2022-11-30 10:24:26.199 [main] RestApi - Rest API listening on port 7740 and were given 7740
INFO  2022-11-30 10:24:26.202 [main] RestApi - Rest API attached on /
INFO  2022-11-30 10:26:29.357 [main] RestApi - Rest API listening on port 7740 and were given 7740
INFO  2022-11-30 10:26:29.360 [main] RestApi - Rest API attached on /
DEBUG 2022-11-30 10:26:29.873 [main] BaseBlockchainProcessManager - [0324653E]: startBlockchain() -- Begin by stopping blockchain: chainId: 0 
DEBUG 2022-11-30 10:26:29.874 [main] BaseBlockchainProcessManager - [0324653E]: stopBlockchain() -- Blockchain process has been purged: chainId: 0, block causing the start: null
INFO  2022-11-30 10:26:29.875 [main] BaseBlockchainProcessManager - [0324653E]: startBlockchain() - Starting of blockchain: chainId: 0
DEBUG 2022-11-30 10:26:29.927 [main] CompositeGTXModule - Initialize DB for module: net.postchain.rell.module.RellPostchainModule@54bc3bcf
INFO  2022-11-30 10:26:29.931 [main] SqlInit - Initializing database (chain_iid = 0)
DEBUG 2022-11-30 10:26:30.021 [main] CompositeGTXModule - Initialize DB for module: net.postchain.gtx.StandardOpsGTXModule@62808e9e
DEBUG 2022-11-30 10:26:30.029 [main] BaseBlockchainProcessManager - [0324653E/C7:E3DE]: startBlockchain() -- BlockchainConfiguration has been created: chainId: 0 
DEBUG 2022-11-30 10:26:30.128 [main] BaseBlockchainProcessManager - [0324653E/C7:E3DE]: startBlockchain() -- BlockchainEngine has been created: chainId: 0 
DEBUG 2022-11-30 10:26:30.143 [main] DefaultPeerConnectionManager - [0324653E/C7:E3DE]: Connecting chain: 0, blockchainRID: C7:3DE
DEBUG 2022-11-30 10:26:30.144 [main] DefaultPeersConnectionStrategy - 0324653E: new DefaultPeersConnectionStrategy created
DEBUG 2022-11-30 10:26:30.221 [main] DefaultPeerConnectionManager - [0324653E/C7:E3DE]: Chain connected: 0
DEBUG 2022-11-30 10:26:30.244 [main] BaseBlockchainProcessManager - [0324653E/C7:E3DE]: BlockchainProcess has been launched: chainId: 0
INFO  2022-11-30 10:26:30.245 [main] BaseBlockchainProcessManager - [0324653E/C7:E3DE]: startBlockchain() - Blockchain has been started: chainId: 0, Blockchain RID: C72E68056B2F91F3CA81EBEAC6F1C56C52D8388EE1713CEBBFC3689EFC6EE3DE
DEBUG 2022-11-30 10:26:30.245 [main] BaseBlockchainProcessManager - [0324653E/C7:E3DE]: startBlockchain() -- Blockchain has been started: chainId: 0 
DEBUG 2022-11-30 10:26:30.247 [validator-[0324653E/C7:E3DE]] ValidatorSyncManager - [0324653E/C7:E3DE] Using fast sync
DEBUG 2022-11-30 10:26:30.248 [validator-[0324653E/C7:E3DE]] FastSynchronizer - syncUntilResponsiveNodesDrained() begin with exitDelay: 0
DEBUG 2022-11-30 10:26:30.252 [validator-[0324653E/C7:E3DE]] FastSynchronizer - syncUntil() -- Start, at height: -1
DEBUG 2022-11-30 10:26:30.256 [validator-[0324653E/C7:E3DE]] FastSynchronizer - We are done syncing. Syncable count: 0, height: -1, must sync until: -1.
DEBUG 2022-11-30 10:26:30.256 [validator-[0324653E/C7:E3DE]] FastSynchronizer - syncUntil() -- Await commits, at height: -1
DEBUG 2022-11-30 10:26:30.256 [validator-[0324653E/C7:E3DE]] AbstractPeerStatuses - clearing all fast sync peer statuses
DEBUG 2022-11-30 10:26:30.256 [validator-[0324653E/C7:E3DE]] FastSynchronizer - syncUntil() -- Exit fastsync, at height: -1
DEBUG 2022-11-30 10:26:30.261 [validator-[0324653E/C7:E3DE]] BaseStatusManager - Advancing block height from 0 to 0 ...
DEBUG 2022-11-30 10:26:30.262 [validator-[0324653E/C7:E3DE]] BaseStatusManager - Current state: 0
DEBUG 2022-11-30 10:26:30.264 [validator-[0324653E/C7:E3DE]] ValidatorSyncManager - [0324653E/C7:E3DE]: (Fast sync) Height: -1. My node: 0, I'm primary,  block mngr: DNI, status mngr: BBI
DEBUG 2022-11-30 10:26:30.267 [validator-[0324653E/C7:E3DE]] ValidatorSyncManager - [0324653E/C7:E3DE]: (Fast sync) node:0 he:0 ro:0 st:WaitBlock blockRID:null havesig:false
DEBUG 2022-11-30 10:26:30.298 [0-BaseBlockDatabaseWorker] BaseBlockDatabase - Starting job buildBlock
DEBUG 2022-11-30 10:26:30.299 [0-BaseBlockDatabaseWorker] BaseBlockchainEngine - [0324653E/C7:E3DE] buildBlock() -- Begin
INFO  2022-11-30 10:26:30.355 [0-BaseBlockDatabaseWorker] BaseBlockchainEngine - [0324653E/C7:E3DE]: Block is finalized: 52 ms, 0 net tps, 0 gross tps, height: 0, accepted txs: 0, rejected txs: 0, root-hash: 46AF9064F12528CAD6A7C377204ACD0AC38CDC6912903E7DAB3703764C8DD5E5, block-rid: 9E306970FF942BB46AA0598EDED784441AC664CD47A82D2DAB9D379F3FA4B23C, prev-block-rid: C72E68056B2F91F3CA81EBEAC6F1C56C52D8388EE1713CEBBFC3689EFC6EE3DE
DEBUG 2022-11-30 10:26:30.355 [0-BaseBlockDatabaseWorker] BaseBlockchainEngine - [0324653E/C7:E3DE] buildBlock() -- End
DEBUG 2022-11-30 10:26:30.366 [0-BaseBlockDatabaseWorker] BaseBlockDatabase - Finished job buildBlock
DEBUG 2022-11-30 10:26:30.369 [kovenant-callback-1] BaseStatusManager - setting CommitBlockIntent for idx: 0 
DEBUG 2022-11-30 10:26:30.375 [0-BaseBlockDatabaseWorker] BaseBlockDatabase - Starting job commitBlock
DEBUG 2022-11-30 10:26:30.386 [0-BaseBlockDatabaseWorker] ManualBlockchainConfigurationProvider - activeBlockNeedsNewConfig() - No need to reload config, since active height: 1, should still use conf at: 0 
DEBUG 2022-11-30 10:26:30.386 [0-BaseBlockDatabaseWorker] BaseBlockDatabase - Finished job commitBlock
DEBUG 2022-11-30 10:26:40.239 [validator-[0324653E/C7:E3DE]] ValidatorSyncManager - [0324653E/C7:E3DE]: My node: 0, I'm primary,  block mngr: DNI, status mngr: BBI
DEBUG 2022-11-30 10:26:40.240 [validator-[0324653E/C7:E3DE]] ValidatorSyncManager - [0324653E/C7:E3DE]: node:0 he:1 ro:0 st:WaitBlock blockRID:null havesig:false
DEBUG 2022-11-30 10:26:50.253 [validator-[0324653E/C7:E3DE]] ValidatorSyncManager - [0324653E/C7:E3DE]: My node: 0, I'm primary,  block mngr: DNI, status mngr: BBI
DEBUG 2022-11-30 10:26:50.254 [validator-[0324653E/C7:E3DE]] ValidatorSyncManager - [0324653E/C7:E3DE]: node:0 he:1 ro:1 st:WaitBlock blockRID:null havesig:false
DEBUG 2022-11-30 10:27:00.263 [validator-[0324653E/C7:E3DE]] ValidatorSyncManager - [0324653E/C7:E3DE]: My node: 0, I'm primary,  block mngr: DNI, status mngr: BBI
DEBUG 2022-11-30 10:27:00.263 [validator-[0324653E/C7:E3DE]] ValidatorSyncManager - [0324653E/C7:E3DE]: node:0 he:1 ro:2 st:WaitBlock blockRID:null havesig:false
DEBUG 2022-11-30 10:27:00.353 [0-BaseBlockDatabaseWorker] BaseBlockDatabase - Starting job buildBlock
DEBUG 2022-11-30 10:27:00.353 [0-BaseBlockDatabaseWorker] BaseBlockchainEngine - [0324653E/C7:E3DE] buildBlock() -- Begin
INFO  2022-11-30 10:27:00.388 [0-BaseBlockDatabaseWorker] BaseBlockchainEngine - [0324653E/C7:E3DE]: Block is finalized: 34 ms, 0 net tps, 0 gross tps, height: 1, accepted txs: 0, rejected txs: 0, root-hash: 46AF9064F12528CAD6A7C377204ACD0AC38CDC6912903E7DAB3703764C8DD5E5, block-rid: 62EF46256114FBBC27F463AE43211DEB150F1E172BAC359598143D5CD279F260, prev-block-rid: 9E306970FF942BB46AA0598EDED784441AC664CD47A82D2DAB9D379F3FA4B23C
DEBUG 2022-11-30 10:27:00.388 [0-BaseBlockDatabaseWorker] BaseBlockchainEngine - [0324653E/C7:E3DE] buildBlock() -- End
DEBUG 2022-11-30 10:27:00.392 [0-BaseBlockDatabaseWorker] BaseBlockDatabase - Finished job buildBlock
DEBUG 2022-11-30 10:27:00.393 [kovenant-callback-2] BaseStatusManager - setting CommitBlockIntent for idx: 0 
DEBUG 2022-11-30 10:27:00.401 [0-BaseBlockDatabaseWorker] BaseBlockDatabase - Starting job commitBlock
DEBUG 2022-11-30 10:27:00.437 [0-BaseBlockDatabaseWorker] ManualBlockchainConfigurationProvider - activeBlockNeedsNewConfig() - No need to reload config, since active height: 2, should still use conf at: 0 
DEBUG 2022-11-30 10:27:00.438 [0-BaseBlockDatabaseWorker] BaseBlockDatabase - Finished job commitBlock
DEBUG 2022-11-30 10:27:10.265 [validator-[0324653E/C7:E3DE]] ValidatorSyncManager - [0324653E/C7:E3DE]: My node: 0, I'm primary,  block mngr: DNI, status mngr: BBI
DEBUG 2022-11-30 10:27:10.266 [validator-[0324653E/C7:E3DE]] ValidatorSyncManager - [0324653E/C7:E3DE]: node:0 he:2 ro:0 st:WaitBlock blockRID:null havesig:false
INFO  2022-11-30 10:27:21.755 [main] RestApi - Rest API listening on port 7740 and were given 7740
INFO  2022-11-30 10:27:21.757 [main] RestApi - Rest API attached on /
INFO  2022-11-30 10:28:22.251 [main] RestApi - Rest API listening on port 7740 and were given 7740
INFO  2022-11-30 10:28:22.253 [main] RestApi - Rest API attached on /
DEBUG 2022-11-30 10:28:22.767 [main] BaseBlockchainProcessManager - [0324653E]: startBlockchain() -- Begin by stopping blockchain: chainId: 0 
DEBUG 2022-11-30 10:28:22.767 [main] BaseBlockchainProcessManager - [0324653E]: stopBlockchain() -- Blockchain process has been purged: chainId: 0, block causing the start: null
INFO  2022-11-30 10:28:22.768 [main] BaseBlockchainProcessManager - [0324653E]: startBlockchain() - Starting of blockchain: chainId: 0
DEBUG 2022-11-30 10:28:22.815 [main] CompositeGTXModule - Initialize DB for module: net.postchain.rell.module.RellPostchainModule@77e730bd
INFO  2022-11-30 10:28:22.819 [main] SqlInit - Initializing database (chain_iid = 0)
DEBUG 2022-11-30 10:28:22.902 [main] CompositeGTXModule - Initialize DB for module: net.postchain.gtx.StandardOpsGTXModule@3664c596
DEBUG 2022-11-30 10:28:22.908 [main] BaseBlockchainProcessManager - [0324653E/C7:E3DE]: startBlockchain() -- BlockchainConfiguration has been created: chainId: 0 
DEBUG 2022-11-30 10:28:23.017 [main] BaseBlockchainProcessManager - [0324653E/C7:E3DE]: startBlockchain() -- BlockchainEngine has been created: chainId: 0 
DEBUG 2022-11-30 10:28:23.034 [main] DefaultPeerConnectionManager - [0324653E/C7:E3DE]: Connecting chain: 0, blockchainRID: C7:3DE
DEBUG 2022-11-30 10:28:23.035 [main] DefaultPeersConnectionStrategy - 0324653E: new DefaultPeersConnectionStrategy created
DEBUG 2022-11-30 10:28:23.111 [main] DefaultPeerConnectionManager - [0324653E/C7:E3DE]: Chain connected: 0
DEBUG 2022-11-30 10:28:23.137 [main] BaseBlockchainProcessManager - [0324653E/C7:E3DE]: BlockchainProcess has been launched: chainId: 0
INFO  2022-11-30 10:28:23.137 [main] BaseBlockchainProcessManager - [0324653E/C7:E3DE]: startBlockchain() - Blockchain has been started: chainId: 0, Blockchain RID: C72E68056B2F91F3CA81EBEAC6F1C56C52D8388EE1713CEBBFC3689EFC6EE3DE
DEBUG 2022-11-30 10:28:23.137 [main] BaseBlockchainProcessManager - [0324653E/C7:E3DE]: startBlockchain() -- Blockchain has been started: chainId: 0 
DEBUG 2022-11-30 10:28:23.141 [validator-[0324653E/C7:E3DE]] ValidatorSyncManager - [0324653E/C7:E3DE] Using fast sync
DEBUG 2022-11-30 10:28:23.141 [validator-[0324653E/C7:E3DE]] FastSynchronizer - syncUntilResponsiveNodesDrained() begin with exitDelay: 0
DEBUG 2022-11-30 10:28:23.145 [validator-[0324653E/C7:E3DE]] FastSynchronizer - syncUntil() -- Start, at height: 1
DEBUG 2022-11-30 10:28:23.150 [validator-[0324653E/C7:E3DE]] FastSynchronizer - We are done syncing. Syncable count: 0, height: 1, must sync until: -1.
DEBUG 2022-11-30 10:28:23.150 [validator-[0324653E/C7:E3DE]] FastSynchronizer - syncUntil() -- Await commits, at height: 1
DEBUG 2022-11-30 10:28:23.150 [validator-[0324653E/C7:E3DE]] AbstractPeerStatuses - clearing all fast sync peer statuses
DEBUG 2022-11-30 10:28:23.150 [validator-[0324653E/C7:E3DE]] FastSynchronizer - syncUntil() -- Exit fastsync, at height: 1
DEBUG 2022-11-30 10:28:23.155 [validator-[0324653E/C7:E3DE]] BaseStatusManager - Advancing block height from 2 to 2 ...
DEBUG 2022-11-30 10:28:23.156 [validator-[0324653E/C7:E3DE]] BaseStatusManager - Current state: 2
DEBUG 2022-11-30 10:28:23.159 [validator-[0324653E/C7:E3DE]] ValidatorSyncManager - [0324653E/C7:E3DE]: (Fast sync) Height: 1. My node: 0, I'm primary,  block mngr: DNI, status mngr: BBI
DEBUG 2022-11-30 10:28:23.161 [validator-[0324653E/C7:E3DE]] ValidatorSyncManager - [0324653E/C7:E3DE]: (Fast sync) node:0 he:2 ro:0 st:WaitBlock blockRID:null havesig:false
DEBUG 2022-11-30 10:28:23.192 [0-BaseBlockDatabaseWorker] BaseBlockDatabase - Starting job buildBlock
DEBUG 2022-11-30 10:28:23.193 [0-BaseBlockDatabaseWorker] BaseBlockchainEngine - [0324653E/C7:E3DE] buildBlock() -- Begin
INFO  2022-11-30 10:28:23.252 [0-BaseBlockDatabaseWorker] BaseBlockchainEngine - [0324653E/C7:E3DE]: Block is finalized: 55 ms, 0 net tps, 0 gross tps, height: 2, accepted txs: 0, rejected txs: 0, root-hash: 46AF9064F12528CAD6A7C377204ACD0AC38CDC6912903E7DAB3703764C8DD5E5, block-rid: 325A6DFCBA03AA0B22CC7C0FA3D232E34F65019C946B147E88BA17D8721B3B2A, prev-block-rid: 62EF46256114FBBC27F463AE43211DEB150F1E172BAC359598143D5CD279F260
DEBUG 2022-11-30 10:28:23.252 [0-BaseBlockDatabaseWorker] BaseBlockchainEngine - [0324653E/C7:E3DE] buildBlock() -- End
DEBUG 2022-11-30 10:28:23.259 [0-BaseBlockDatabaseWorker] BaseBlockDatabase - Finished job buildBlock
DEBUG 2022-11-30 10:28:23.260 [kovenant-callback-1] BaseStatusManager - setting CommitBlockIntent for idx: 0 
DEBUG 2022-11-30 10:28:23.273 [0-BaseBlockDatabaseWorker] BaseBlockDatabase - Starting job commitBlock
DEBUG 2022-11-30 10:28:23.286 [0-BaseBlockDatabaseWorker] ManualBlockchainConfigurationProvider - activeBlockNeedsNewConfig() - No need to reload config, since active height: 3, should still use conf at: 2 
DEBUG 2022-11-30 10:28:23.286 [0-BaseBlockDatabaseWorker] BaseBlockDatabase - Finished job commitBlock
DEBUG 2022-11-30 10:28:33.141 [validator-[0324653E/C7:E3DE]] ValidatorSyncManager - [0324653E/C7:E3DE]: My node: 0, I'm primary,  block mngr: DNI, status mngr: BBI
DEBUG 2022-11-30 10:28:33.143 [validator-[0324653E/C7:E3DE]] ValidatorSyncManager - [0324653E/C7:E3DE]: node:0 he:3 ro:0 st:WaitBlock blockRID:null havesig:false
DEBUG 2022-11-30 10:28:43.155 [validator-[0324653E/C7:E3DE]] ValidatorSyncManager - [0324653E/C7:E3DE]: My node: 0, I'm primary,  block mngr: DNI, status mngr: BBI
DEBUG 2022-11-30 10:28:43.159 [validator-[0324653E/C7:E3DE]] ValidatorSyncManager - [0324653E/C7:E3DE]: node:0 he:3 ro:1 st:WaitBlock blockRID:null havesig:false
DEBUG 2022-11-30 10:28:53.161 [validator-[0324653E/C7:E3DE]] ValidatorSyncManager - [0324653E/C7:E3DE]: My node: 0, I'm primary,  block mngr: DNI, status mngr: BBI
DEBUG 2022-11-30 10:28:53.163 [validator-[0324653E/C7:E3DE]] ValidatorSyncManager - [0324653E/C7:E3DE]: node:0 he:3 ro:2 st:WaitBlock blockRID:null havesig:false
DEBUG 2022-11-30 10:28:53.259 [0-BaseBlockDatabaseWorker] BaseBlockDatabase - Starting job buildBlock
DEBUG 2022-11-30 10:28:53.261 [0-BaseBlockDatabaseWorker] BaseBlockchainEngine - [0324653E/C7:E3DE] buildBlock() -- Begin
INFO  2022-11-30 10:28:53.338 [0-BaseBlockDatabaseWorker] BaseBlockchainEngine - [0324653E/C7:E3DE]: Block is finalized: 75 ms, 0 net tps, 0 gross tps, height: 3, accepted txs: 0, rejected txs: 0, root-hash: 46AF9064F12528CAD6A7C377204ACD0AC38CDC6912903E7DAB3703764C8DD5E5, block-rid: E0E582DCCEFF3A57330B6BAE32F1744FAB5EC0A2949344C0F89FC21A0B0A5778, prev-block-rid: 325A6DFCBA03AA0B22CC7C0FA3D232E34F65019C946B147E88BA17D8721B3B2A
DEBUG 2022-11-30 10:28:53.338 [0-BaseBlockDatabaseWorker] BaseBlockchainEngine - [0324653E/C7:E3DE] buildBlock() -- End
DEBUG 2022-11-30 10:28:53.341 [0-BaseBlockDatabaseWorker] BaseBlockDatabase - Finished job buildBlock
DEBUG 2022-11-30 10:28:53.342 [kovenant-callback-2] BaseStatusManager - setting CommitBlockIntent for idx: 0 
DEBUG 2022-11-30 10:28:53.356 [0-BaseBlockDatabaseWorker] BaseBlockDatabase - Starting job commitBlock
DEBUG 2022-11-30 10:28:53.385 [0-BaseBlockDatabaseWorker] ManualBlockchainConfigurationProvider - activeBlockNeedsNewConfig() - No need to reload config, since active height: 4, should still use conf at: 2 
DEBUG 2022-11-30 10:28:53.385 [0-BaseBlockDatabaseWorker] BaseBlockDatabase - Finished job commitBlock
DEBUG 2022-11-30 10:29:08.318 [main] SQLDatabaseAccess - Meta table does not exist. Assume database does not exist and create it (version: 2).
INFO  2022-11-30 10:29:08.537 [main] RestApi - Rest API listening on port 7740 and were given 7740
INFO  2022-11-30 10:29:08.537 [main] RestApi - Rest API attached on /
DEBUG 2022-11-30 10:34:13.042 [main] SQLDatabaseAccess - Meta table does not exist. Assume database does not exist and create it (version: 2).
INFO  2022-11-30 10:34:13.240 [main] RestApi - Rest API listening on port 7740 and were given 7740
INFO  2022-11-30 10:34:13.240 [main] RestApi - Rest API attached on /
DEBUG 2022-11-30 10:34:13.723 [main] BaseBlockchainProcessManager - [0324653E]: startBlockchain() -- Begin by stopping blockchain: chainId: 0 
DEBUG 2022-11-30 10:34:13.724 [main] BaseBlockchainProcessManager - [0324653E]: stopBlockchain() -- Blockchain process has been purged: chainId: 0, block causing the start: null
INFO  2022-11-30 10:34:13.725 [main] BaseBlockchainProcessManager - [0324653E]: startBlockchain() - Starting of blockchain: chainId: 0
DEBUG 2022-11-30 10:34:13.782 [main] CompositeGTXModule - Initialize DB for module: net.postchain.rell.module.RellPostchainModule@27ec74a3
INFO  2022-11-30 10:34:13.786 [main] SqlInit - Initializing database (chain_iid = 0)
DEBUG 2022-11-30 10:34:13.914 [main] CompositeGTXModule - Initialize DB for module: net.postchain.gtx.StandardOpsGTXModule@67d180e4
DEBUG 2022-11-30 10:34:13.922 [main] BaseBlockchainProcessManager - [0324653E/63:8932]: startBlockchain() -- BlockchainConfiguration has been created: chainId: 0 
DEBUG 2022-11-30 10:34:14.017 [main] BaseBlockchainProcessManager - [0324653E/63:8932]: startBlockchain() -- BlockchainEngine has been created: chainId: 0 
DEBUG 2022-11-30 10:34:14.034 [main] DefaultPeerConnectionManager - [0324653E/63:8932]: Connecting chain: 0, blockchainRID: 63:932
DEBUG 2022-11-30 10:34:14.035 [main] DefaultPeersConnectionStrategy - 0324653E: new DefaultPeersConnectionStrategy created
DEBUG 2022-11-30 10:34:14.118 [main] DefaultPeerConnectionManager - [0324653E/63:8932]: Chain connected: 0
DEBUG 2022-11-30 10:34:14.146 [main] BaseBlockchainProcessManager - [0324653E/63:8932]: BlockchainProcess has been launched: chainId: 0
INFO  2022-11-30 10:34:14.147 [main] BaseBlockchainProcessManager - [0324653E/63:8932]: startBlockchain() - Blockchain has been started: chainId: 0, Blockchain RID: 63B36A15A8D1787EFED1E331F0E49D39C05874E7D29E5DC1FD7A484E990A8932
DEBUG 2022-11-30 10:34:14.147 [main] BaseBlockchainProcessManager - [0324653E/63:8932]: startBlockchain() -- Blockchain has been started: chainId: 0 
DEBUG 2022-11-30 10:34:14.149 [validator-[0324653E/63:8932]] ValidatorSyncManager - [0324653E/63:8932] Using fast sync
DEBUG 2022-11-30 10:34:14.149 [validator-[0324653E/63:8932]] FastSynchronizer - syncUntilResponsiveNodesDrained() begin with exitDelay: 0
DEBUG 2022-11-30 10:34:14.153 [validator-[0324653E/63:8932]] FastSynchronizer - syncUntil() -- Start, at height: -1
DEBUG 2022-11-30 10:34:14.158 [validator-[0324653E/63:8932]] FastSynchronizer - We are done syncing. Syncable count: 0, height: -1, must sync until: -1.
DEBUG 2022-11-30 10:34:14.158 [validator-[0324653E/63:8932]] FastSynchronizer - syncUntil() -- Await commits, at height: -1
DEBUG 2022-11-30 10:34:14.158 [validator-[0324653E/63:8932]] AbstractPeerStatuses - clearing all fast sync peer statuses
DEBUG 2022-11-30 10:34:14.159 [validator-[0324653E/63:8932]] FastSynchronizer - syncUntil() -- Exit fastsync, at height: -1
DEBUG 2022-11-30 10:34:14.163 [validator-[0324653E/63:8932]] BaseStatusManager - Advancing block height from 0 to 0 ...
DEBUG 2022-11-30 10:34:14.164 [validator-[0324653E/63:8932]] BaseStatusManager - Current state: 0
DEBUG 2022-11-30 10:34:14.167 [validator-[0324653E/63:8932]] ValidatorSyncManager - [0324653E/63:8932]: (Fast sync) Height: -1. My node: 0, I'm primary,  block mngr: DNI, status mngr: BBI
DEBUG 2022-11-30 10:34:14.170 [validator-[0324653E/63:8932]] ValidatorSyncManager - [0324653E/63:8932]: (Fast sync) node:0 he:0 ro:0 st:WaitBlock blockRID:null havesig:false
DEBUG 2022-11-30 10:34:14.197 [0-BaseBlockDatabaseWorker] BaseBlockDatabase - Starting job buildBlock
DEBUG 2022-11-30 10:34:14.198 [0-BaseBlockDatabaseWorker] BaseBlockchainEngine - [0324653E/63:8932] buildBlock() -- Begin
INFO  2022-11-30 10:34:14.254 [0-BaseBlockDatabaseWorker] BaseBlockchainEngine - [0324653E/63:8932]: Block is finalized: 53 ms, 0 net tps, 0 gross tps, height: 0, accepted txs: 0, rejected txs: 0, root-hash: 46AF9064F12528CAD6A7C377204ACD0AC38CDC6912903E7DAB3703764C8DD5E5, block-rid: AA9F14D7A84B24AB0EC31E69DA0881C99D4DFEE11C38117B05FB62ABA4F7D367, prev-block-rid: 63B36A15A8D1787EFED1E331F0E49D39C05874E7D29E5DC1FD7A484E990A8932
DEBUG 2022-11-30 10:34:14.254 [0-BaseBlockDatabaseWorker] BaseBlockchainEngine - [0324653E/63:8932] buildBlock() -- End
DEBUG 2022-11-30 10:34:14.261 [0-BaseBlockDatabaseWorker] BaseBlockDatabase - Finished job buildBlock
DEBUG 2022-11-30 10:34:14.262 [kovenant-callback-1] BaseStatusManager - setting CommitBlockIntent for idx: 0 
DEBUG 2022-11-30 10:34:14.273 [0-BaseBlockDatabaseWorker] BaseBlockDatabase - Starting job commitBlock
DEBUG 2022-11-30 10:34:14.285 [0-BaseBlockDatabaseWorker] ManualBlockchainConfigurationProvider - activeBlockNeedsNewConfig() - No need to reload config, since active height: 1, should still use conf at: 0 
DEBUG 2022-11-30 10:34:14.286 [0-BaseBlockDatabaseWorker] BaseBlockDatabase - Finished job commitBlock
DEBUG 2022-11-30 10:34:24.149 [validator-[0324653E/63:8932]] ValidatorSyncManager - [0324653E/63:8932]: My node: 0, I'm primary,  block mngr: DNI, status mngr: BBI
DEBUG 2022-11-30 10:34:24.151 [validator-[0324653E/63:8932]] ValidatorSyncManager - [0324653E/63:8932]: node:0 he:1 ro:0 st:WaitBlock blockRID:null havesig:false
DEBUG 2022-11-30 10:34:34.157 [validator-[0324653E/63:8932]] ValidatorSyncManager - [0324653E/63:8932]: My node: 0, I'm primary,  block mngr: DNI, status mngr: BBI
DEBUG 2022-11-30 10:34:34.157 [validator-[0324653E/63:8932]] ValidatorSyncManager - [0324653E/63:8932]: node:0 he:1 ro:1 st:WaitBlock blockRID:null havesig:false
DEBUG 2022-11-30 10:34:44.177 [validator-[0324653E/63:8932]] ValidatorSyncManager - [0324653E/63:8932]: My node: 0, I'm primary,  block mngr: DNI, status mngr: BBI
DEBUG 2022-11-30 10:34:44.179 [validator-[0324653E/63:8932]] ValidatorSyncManager - [0324653E/63:8932]: node:0 he:1 ro:2 st:WaitBlock blockRID:null havesig:false
DEBUG 2022-11-30 10:34:44.251 [0-BaseBlockDatabaseWorker] BaseBlockDatabase - Starting job buildBlock
DEBUG 2022-11-30 10:34:44.252 [0-BaseBlockDatabaseWorker] BaseBlockchainEngine - [0324653E/63:8932] buildBlock() -- Begin
INFO  2022-11-30 10:34:44.304 [0-BaseBlockDatabaseWorker] BaseBlockchainEngine - [0324653E/63:8932]: Block is finalized: 51 ms, 0 net tps, 0 gross tps, height: 1, accepted txs: 0, rejected txs: 0, root-hash: 46AF9064F12528CAD6A7C377204ACD0AC38CDC6912903E7DAB3703764C8DD5E5, block-rid: 4D394925F17358F465D43B03A252D2BB2E6BA3D64FA164ED02A2E6B2B2FEA343, prev-block-rid: AA9F14D7A84B24AB0EC31E69DA0881C99D4DFEE11C38117B05FB62ABA4F7D367
DEBUG 2022-11-30 10:34:44.305 [0-BaseBlockDatabaseWorker] BaseBlockchainEngine - [0324653E/63:8932] buildBlock() -- End
DEBUG 2022-11-30 10:34:44.307 [0-BaseBlockDatabaseWorker] BaseBlockDatabase - Finished job buildBlock
DEBUG 2022-11-30 10:34:44.308 [kovenant-callback-2] BaseStatusManager - setting CommitBlockIntent for idx: 0 
DEBUG 2022-11-30 10:34:44.316 [0-BaseBlockDatabaseWorker] BaseBlockDatabase - Starting job commitBlock
DEBUG 2022-11-30 10:34:44.336 [0-BaseBlockDatabaseWorker] ManualBlockchainConfigurationProvider - activeBlockNeedsNewConfig() - No need to reload config, since active height: 2, should still use conf at: 0 
DEBUG 2022-11-30 10:34:44.336 [0-BaseBlockDatabaseWorker] BaseBlockDatabase - Finished job commitBlock
INFO  2022-11-30 10:34:54.606 [main] RestApi - Rest API listening on port 7740 and were given 7740
INFO  2022-11-30 10:34:54.609 [main] RestApi - Rest API attached on /
DEBUG 2022-11-30 10:34:55.126 [main] BaseBlockchainProcessManager - [0324653E]: startBlockchain() -- Begin by stopping blockchain: chainId: 0 
DEBUG 2022-11-30 10:34:55.127 [main] BaseBlockchainProcessManager - [0324653E]: stopBlockchain() -- Blockchain process has been purged: chainId: 0, block causing the start: null
INFO  2022-11-30 10:34:55.128 [main] BaseBlockchainProcessManager - [0324653E]: startBlockchain() - Starting of blockchain: chainId: 0
DEBUG 2022-11-30 10:34:55.175 [main] CompositeGTXModule - Initialize DB for module: net.postchain.rell.module.RellPostchainModule@39ead1b7
INFO  2022-11-30 10:34:55.179 [main] SqlInit - Initializing database (chain_iid = 0)
DEBUG 2022-11-30 10:34:55.260 [main] CompositeGTXModule - Initialize DB for module: net.postchain.gtx.StandardOpsGTXModule@5d2e65bd
DEBUG 2022-11-30 10:34:55.267 [main] BaseBlockchainProcessManager - [0324653E/63:8932]: startBlockchain() -- BlockchainConfiguration has been created: chainId: 0 
DEBUG 2022-11-30 10:34:55.371 [main] BaseBlockchainProcessManager - [0324653E/63:8932]: startBlockchain() -- BlockchainEngine has been created: chainId: 0 
DEBUG 2022-11-30 10:34:55.387 [main] DefaultPeerConnectionManager - [0324653E/63:8932]: Connecting chain: 0, blockchainRID: 63:932
DEBUG 2022-11-30 10:34:55.388 [main] DefaultPeersConnectionStrategy - 0324653E: new DefaultPeersConnectionStrategy created
DEBUG 2022-11-30 10:34:55.465 [main] DefaultPeerConnectionManager - [0324653E/63:8932]: Chain connected: 0
DEBUG 2022-11-30 10:34:55.489 [main] BaseBlockchainProcessManager - [0324653E/63:8932]: BlockchainProcess has been launched: chainId: 0
INFO  2022-11-30 10:34:55.489 [main] BaseBlockchainProcessManager - [0324653E/63:8932]: startBlockchain() - Blockchain has been started: chainId: 0, Blockchain RID: 63B36A15A8D1787EFED1E331F0E49D39C05874E7D29E5DC1FD7A484E990A8932
DEBUG 2022-11-30 10:34:55.489 [main] BaseBlockchainProcessManager - [0324653E/63:8932]: startBlockchain() -- Blockchain has been started: chainId: 0 
DEBUG 2022-11-30 10:34:55.492 [validator-[0324653E/63:8932]] ValidatorSyncManager - [0324653E/63:8932] Using fast sync
DEBUG 2022-11-30 10:34:55.492 [validator-[0324653E/63:8932]] FastSynchronizer - syncUntilResponsiveNodesDrained() begin with exitDelay: 0
DEBUG 2022-11-30 10:34:55.496 [validator-[0324653E/63:8932]] FastSynchronizer - syncUntil() -- Start, at height: 1
DEBUG 2022-11-30 10:34:55.501 [validator-[0324653E/63:8932]] FastSynchronizer - We are done syncing. Syncable count: 0, height: 1, must sync until: -1.
DEBUG 2022-11-30 10:34:55.501 [validator-[0324653E/63:8932]] FastSynchronizer - syncUntil() -- Await commits, at height: 1
DEBUG 2022-11-30 10:34:55.501 [validator-[0324653E/63:8932]] AbstractPeerStatuses - clearing all fast sync peer statuses
DEBUG 2022-11-30 10:34:55.501 [validator-[0324653E/63:8932]] FastSynchronizer - syncUntil() -- Exit fastsync, at height: 1
DEBUG 2022-11-30 10:34:55.505 [validator-[0324653E/63:8932]] BaseStatusManager - Advancing block height from 2 to 2 ...
DEBUG 2022-11-30 10:34:55.506 [validator-[0324653E/63:8932]] BaseStatusManager - Current state: 2
DEBUG 2022-11-30 10:34:55.509 [validator-[0324653E/63:8932]] ValidatorSyncManager - [0324653E/63:8932]: (Fast sync) Height: 1. My node: 0, I'm primary,  block mngr: DNI, status mngr: BBI
DEBUG 2022-11-30 10:34:55.512 [validator-[0324653E/63:8932]] ValidatorSyncManager - [0324653E/63:8932]: (Fast sync) node:0 he:2 ro:0 st:WaitBlock blockRID:null havesig:false
DEBUG 2022-11-30 10:35:05.518 [validator-[0324653E/63:8932]] ValidatorSyncManager - [0324653E/63:8932]: My node: 0, I'm primary,  block mngr: DNI, status mngr: BBI
DEBUG 2022-11-30 10:35:05.519 [validator-[0324653E/63:8932]] ValidatorSyncManager - [0324653E/63:8932]: node:0 he:2 ro:1 st:WaitBlock blockRID:null havesig:false
DEBUG 2022-11-30 10:35:14.335 [0-BaseBlockDatabaseWorker] BaseBlockDatabase - Starting job buildBlock
DEBUG 2022-11-30 10:35:14.339 [0-BaseBlockDatabaseWorker] BaseBlockchainEngine - [0324653E/63:8932] buildBlock() -- Begin
INFO  2022-11-30 10:35:14.423 [0-BaseBlockDatabaseWorker] BaseBlockchainEngine - [0324653E/63:8932]: Block is finalized: 80 ms, 0 net tps, 0 gross tps, height: 2, accepted txs: 0, rejected txs: 0, root-hash: 46AF9064F12528CAD6A7C377204ACD0AC38CDC6912903E7DAB3703764C8DD5E5, block-rid: 0D26F3E97893C62BC01E6C9EA0C85CFA51A0ADAAE8D9F4984ED8B43EDC24CE67, prev-block-rid: 4D394925F17358F465D43B03A252D2BB2E6BA3D64FA164ED02A2E6B2B2FEA343
DEBUG 2022-11-30 10:35:14.423 [0-BaseBlockDatabaseWorker] BaseBlockchainEngine - [0324653E/63:8932] buildBlock() -- End
DEBUG 2022-11-30 10:35:14.430 [0-BaseBlockDatabaseWorker] BaseBlockDatabase - Finished job buildBlock
DEBUG 2022-11-30 10:35:14.431 [kovenant-callback-1] BaseStatusManager - setting CommitBlockIntent for idx: 0 
DEBUG 2022-11-30 10:35:14.447 [0-BaseBlockDatabaseWorker] BaseBlockDatabase - Starting job commitBlock
DEBUG 2022-11-30 10:35:14.458 [0-BaseBlockDatabaseWorker] ManualBlockchainConfigurationProvider - activeBlockNeedsNewConfig() - No need to reload config, since active height: 3, should still use conf at: 2 
DEBUG 2022-11-30 10:35:14.458 [0-BaseBlockDatabaseWorker] BaseBlockDatabase - Finished job commitBlock
DEBUG 2022-11-30 10:35:15.538 [validator-[0324653E/63:8932]] ValidatorSyncManager - [0324653E/63:8932]: My node: 0, I'm primary,  block mngr: DNI, status mngr: BBI
DEBUG 2022-11-30 10:35:15.540 [validator-[0324653E/63:8932]] ValidatorSyncManager - [0324653E/63:8932]: node:0 he:3 ro:0 st:WaitBlock blockRID:null havesig:false
INFO  2022-11-30 10:36:20.082 [main] RestApi - Rest API listening on port 7740 and were given 7740
INFO  2022-11-30 10:36:20.084 [main] RestApi - Rest API attached on /
INFO  2022-11-30 11:01:20.783 [main] SqlConnectionLogger - [0] BEGIN TRANSACTION
INFO  2022-11-30 11:01:20.786 [main] SqlConnectionLogger - [0] SELECT table_name FROM information_schema.tables WHERE table_catalog = CURRENT_DATABASE() AND table_schema = CURRENT_SCHEMA();
INFO  2022-11-30 11:01:20.812 [main] SqlConnectionLogger - [0] DROP TABLE IF EXISTS "meta" CASCADE;
DROP TABLE IF EXISTS "peerinfos" CASCADE;
DROP TABLE IF EXISTS "blockchain_replicas" CASCADE;
DROP TABLE IF EXISTS "blockchains" CASCADE;
DROP TABLE IF EXISTS "must_sync_until" CASCADE;
DROP TABLE IF EXISTS "c100.blocks" CASCADE;
DROP TABLE IF EXISTS "c100.transactions" CASCADE;
DROP TABLE IF EXISTS "c100.configurations" CASCADE;
DROP TABLE IF EXISTS "c100.rowid_gen" CASCADE;
DROP TABLE IF EXISTS "c100.sys.classes" CASCADE;
DROP TABLE IF EXISTS "c100.sys.attributes" CASCADE;
DROP TABLE IF EXISTS "c100.my_name" CASCADE;
DROP TABLE IF EXISTS "c100.gtx_module_version" CASCADE;
INFO  2022-11-30 11:01:20.835 [main] SqlConnectionLogger - [0] SELECT routine_name FROM information_schema.routines WHERE routine_catalog = CURRENT_DATABASE() AND routine_schema = CURRENT_SCHEMA();
INFO  2022-11-30 11:01:20.840 [main] SqlConnectionLogger - [0] DROP FUNCTION "c100.make_rowid";
DROP FUNCTION "rell_bytea_substr1";
DROP FUNCTION "rell_bytea_substr2";
DROP FUNCTION "rell_text_repeat";
DROP FUNCTION "rell_text_substr1";
DROP FUNCTION "rell_text_substr2";
DROP FUNCTION "rell_text_getchar";
INFO  2022-11-30 11:01:20.850 [main] SqlConnectionLogger - [0] SELECT routine_name FROM information_schema.routines WHERE routine_catalog = CURRENT_DATABASE() AND routine_schema = CURRENT_SCHEMA();
DEBUG 2022-11-30 11:01:20.976 [main] SQLDatabaseAccess - Meta table does not exist. Assume database does not exist and create it (version: 2).
INFO  2022-11-30 11:01:21.043 [main] SqlConnectionLogger - [0] CREATE TABLE "c100.rowid_gen"( last_value bigint not null);
INSERT INTO "c100.rowid_gen"(last_value) VALUES (0);
CREATE FUNCTION "c100.make_rowid"() RETURNS BIGINT AS
'UPDATE "c100.rowid_gen" SET last_value = last_value + 1 RETURNING last_value'
LANGUAGE SQL;

INFO  2022-11-30 11:01:21.046 [main] SqlConnectionLogger - [0] CREATE TABLE "c100.sys.classes"(
    "id" INT NOT NULL PRIMARY KEY,
    "name" TEXT NOT NULL UNIQUE,
    "type" TEXT NOT NULL,
    "log" BOOLEAN NOT NULL
);
CREATE TABLE "c100.sys.attributes"(
    "class_id" INT NOT NULL,
    "name" TEXT NOT NULL,
    "type" TEXT NOT NULL
);

INFO  2022-11-30 11:01:21.053 [main] SqlConnectionLogger - [0] CREATE FUNCTION "rell_bytea_substr1"(v BYTEA, i INT) RETURNS BYTEA AS $$
DECLARE n INT;
BEGIN
    IF i < 0 THEN RAISE EXCEPTION 'rell_bytea_substr1: i = %', i; END IF;
    n := LENGTH(v);
    IF i > n THEN RAISE EXCEPTION 'rell_bytea_substr1: i = %, n = %', i, n; END IF;
    RETURN SUBSTR(v, i + 1);
END;
$$ LANGUAGE PLPGSQL IMMUTABLE;

INFO  2022-11-30 11:01:21.056 [main] SqlConnectionLogger - [0] CREATE FUNCTION "rell_bytea_substr2"(v BYTEA, i INT, j INT) RETURNS BYTEA AS $$
DECLARE n INT;
BEGIN
    IF i < 0 OR j < i THEN RAISE EXCEPTION 'rell_bytea_substr2: i = %, j = %', i, j; END IF;
    n := LENGTH(v);
    IF j > n THEN RAISE EXCEPTION 'rell_bytea_substr2: i = %, j = %, n = %', i, j, n; END IF;
    RETURN SUBSTR(v, i + 1, j - i);
END;
$$ LANGUAGE PLPGSQL IMMUTABLE;

INFO  2022-11-30 11:01:21.057 [main] SqlConnectionLogger - [0] CREATE FUNCTION "rell_text_repeat"(v TEXT, i INT) RETURNS TEXT AS $$
BEGIN
    IF i < 0 THEN RAISE EXCEPTION 'rell_text_repeat: i = %', i; END IF;
    RETURN REPEAT(v, i);
END;
$$ LANGUAGE PLPGSQL IMMUTABLE;

INFO  2022-11-30 11:01:21.058 [main] SqlConnectionLogger - [0] CREATE FUNCTION "rell_text_substr1"(v TEXT, i INT) RETURNS TEXT AS $$
DECLARE n INT;
BEGIN
    IF i < 0 THEN RAISE EXCEPTION 'rell_text_substr1: i = %', i; END IF;
    n := LENGTH(v);
    IF i > n THEN RAISE EXCEPTION 'rell_text_substr1: i = %, n = %', i, n; END IF;
    RETURN SUBSTR(v, i + 1);
END;
$$ LANGUAGE PLPGSQL IMMUTABLE;

INFO  2022-11-30 11:01:21.060 [main] SqlConnectionLogger - [0] CREATE FUNCTION "rell_text_substr2"(v TEXT, i INT, j INT) RETURNS TEXT AS $$
DECLARE n INT;
BEGIN
    IF i < 0 OR j < i THEN RAISE EXCEPTION 'rell_text_substr2: i = %, j = %', i, j; END IF;
    n := LENGTH(v);
    IF j > n THEN RAISE EXCEPTION 'rell_text_substr2: i = %, j = %, n = %', i, j, n; END IF;
    RETURN SUBSTR(v, i + 1, j - i);
END;
$$ LANGUAGE PLPGSQL IMMUTABLE;

INFO  2022-11-30 11:01:21.061 [main] SqlConnectionLogger - [0] CREATE FUNCTION "rell_text_getchar"(v TEXT, i INT) RETURNS TEXT AS $$
DECLARE n INT;
BEGIN
    IF i < 0 THEN RAISE EXCEPTION 'rell_text_getchar: i = %', i; END IF;
    n := LENGTH(v);
    IF i >= n THEN RAISE EXCEPTION 'rell_text_getchar: i = %, n = %', i, n; END IF;
    RETURN SUBSTR(v, i + 1, 1);
END;
$$ LANGUAGE PLPGSQL IMMUTABLE;

INFO  2022-11-30 11:01:21.062 [main] SqlConnectionLogger - [0] create table "c100.user1"(
  "rowid" bigint not null,
  "name" text not null,
  constraint "PK_c100.user1"
    primary key ("rowid"),
  constraint "K_c100.user1_0"
    unique ("name")
);

insert into "c100.sys.classes" (id, name, type, log) values (0, 'user1', 'class', false);
insert into "c100.sys.attributes" (class_id, name, type) values (0, 'name', 'sys:text');

INFO  2022-11-30 11:01:21.067 [main] SqlConnectionLogger - [0] create table "c100.my_name"(
  "rowid" bigint not null,
  "name" text not null,
  constraint "PK_c100.my_name"
    primary key ("rowid")
);

insert into "c100.sys.classes" (id, name, type, log) values (1, 'my_name', 'object', false);
insert into "c100.sys.attributes" (class_id, name, type) values (1, 'name', 'sys:text');

INFO  2022-11-30 11:01:21.075 [main] SqlConnectionLogger - [0] INSERT INTO "c100.my_name"("rowid", "name") VALUES (0, ?) RETURNING "rowid"
INFO  2022-11-30 11:01:21.077 [main] SqlConnectionLogger - [0] COMMIT TRANSACTION
INFO  2022-11-30 11:01:21.084 [main] SqlConnectionLogger - [0] BEGIN TRANSACTION
INFO  2022-11-30 11:01:21.086 [main] SqlConnectionLogger - [0] COMMIT TRANSACTION
INFO  2022-11-30 11:01:21.086 [main] SqlConnectionLogger - [0] BEGIN TRANSACTION
INFO  2022-11-30 11:01:21.086 [main] SqlConnectionLogger - [0] SELECT table_name FROM information_schema.tables WHERE table_catalog = CURRENT_DATABASE() AND table_schema = CURRENT_SCHEMA();
INFO  2022-11-30 11:01:21.088 [main] SqlConnectionLogger - [0] DROP TABLE IF EXISTS "meta" CASCADE;
DROP TABLE IF EXISTS "peerinfos" CASCADE;
DROP TABLE IF EXISTS "blockchain_replicas" CASCADE;
DROP TABLE IF EXISTS "blockchains" CASCADE;
DROP TABLE IF EXISTS "must_sync_until" CASCADE;
DROP TABLE IF EXISTS "c100.blocks" CASCADE;
DROP TABLE IF EXISTS "c100.transactions" CASCADE;
DROP TABLE IF EXISTS "c100.configurations" CASCADE;
DROP TABLE IF EXISTS "c100.rowid_gen" CASCADE;
DROP TABLE IF EXISTS "c100.sys.classes" CASCADE;
DROP TABLE IF EXISTS "c100.sys.attributes" CASCADE;
DROP TABLE IF EXISTS "c100.user1" CASCADE;
DROP TABLE IF EXISTS "c100.my_name" CASCADE;
INFO  2022-11-30 11:01:21.093 [main] SqlConnectionLogger - [0] SELECT routine_name FROM information_schema.routines WHERE routine_catalog = CURRENT_DATABASE() AND routine_schema = CURRENT_SCHEMA();
INFO  2022-11-30 11:01:21.095 [main] SqlConnectionLogger - [0] DROP FUNCTION "c100.make_rowid";
DROP FUNCTION "rell_bytea_substr1";
DROP FUNCTION "rell_bytea_substr2";
DROP FUNCTION "rell_text_repeat";
DROP FUNCTION "rell_text_substr1";
DROP FUNCTION "rell_text_substr2";
DROP FUNCTION "rell_text_getchar";
INFO  2022-11-30 11:01:21.100 [main] SqlConnectionLogger - [0] SELECT routine_name FROM information_schema.routines WHERE routine_catalog = CURRENT_DATABASE() AND routine_schema = CURRENT_SCHEMA();
DEBUG 2022-11-30 11:01:21.121 [main] SQLDatabaseAccess - Meta table does not exist. Assume database does not exist and create it (version: 2).
INFO  2022-11-30 11:01:21.178 [main] SqlConnectionLogger - [0] CREATE TABLE "c100.rowid_gen"( last_value bigint not null);
INSERT INTO "c100.rowid_gen"(last_value) VALUES (0);
CREATE FUNCTION "c100.make_rowid"() RETURNS BIGINT AS
'UPDATE "c100.rowid_gen" SET last_value = last_value + 1 RETURNING last_value'
LANGUAGE SQL;

INFO  2022-11-30 11:01:21.180 [main] SqlConnectionLogger - [0] CREATE TABLE "c100.sys.classes"(
    "id" INT NOT NULL PRIMARY KEY,
    "name" TEXT NOT NULL UNIQUE,
    "type" TEXT NOT NULL,
    "log" BOOLEAN NOT NULL
);
CREATE TABLE "c100.sys.attributes"(
    "class_id" INT NOT NULL,
    "name" TEXT NOT NULL,
    "type" TEXT NOT NULL
);

INFO  2022-11-30 11:01:21.187 [main] SqlConnectionLogger - [0] CREATE FUNCTION "rell_bytea_substr1"(v BYTEA, i INT) RETURNS BYTEA AS $$
DECLARE n INT;
BEGIN
    IF i < 0 THEN RAISE EXCEPTION 'rell_bytea_substr1: i = %', i; END IF;
    n := LENGTH(v);
    IF i > n THEN RAISE EXCEPTION 'rell_bytea_substr1: i = %, n = %', i, n; END IF;
    RETURN SUBSTR(v, i + 1);
END;
$$ LANGUAGE PLPGSQL IMMUTABLE;

INFO  2022-11-30 11:01:21.188 [main] SqlConnectionLogger - [0] CREATE FUNCTION "rell_bytea_substr2"(v BYTEA, i INT, j INT) RETURNS BYTEA AS $$
DECLARE n INT;
BEGIN
    IF i < 0 OR j < i THEN RAISE EXCEPTION 'rell_bytea_substr2: i = %, j = %', i, j; END IF;
    n := LENGTH(v);
    IF j > n THEN RAISE EXCEPTION 'rell_bytea_substr2: i = %, j = %, n = %', i, j, n; END IF;
    RETURN SUBSTR(v, i + 1, j - i);
END;
$$ LANGUAGE PLPGSQL IMMUTABLE;

INFO  2022-11-30 11:01:21.189 [main] SqlConnectionLogger - [0] CREATE FUNCTION "rell_text_repeat"(v TEXT, i INT) RETURNS TEXT AS $$
BEGIN
    IF i < 0 THEN RAISE EXCEPTION 'rell_text_repeat: i = %', i; END IF;
    RETURN REPEAT(v, i);
END;
$$ LANGUAGE PLPGSQL IMMUTABLE;

INFO  2022-11-30 11:01:21.190 [main] SqlConnectionLogger - [0] CREATE FUNCTION "rell_text_substr1"(v TEXT, i INT) RETURNS TEXT AS $$
DECLARE n INT;
BEGIN
    IF i < 0 THEN RAISE EXCEPTION 'rell_text_substr1: i = %', i; END IF;
    n := LENGTH(v);
    IF i > n THEN RAISE EXCEPTION 'rell_text_substr1: i = %, n = %', i, n; END IF;
    RETURN SUBSTR(v, i + 1);
END;
$$ LANGUAGE PLPGSQL IMMUTABLE;

INFO  2022-11-30 11:01:21.191 [main] SqlConnectionLogger - [0] CREATE FUNCTION "rell_text_substr2"(v TEXT, i INT, j INT) RETURNS TEXT AS $$
DECLARE n INT;
BEGIN
    IF i < 0 OR j < i THEN RAISE EXCEPTION 'rell_text_substr2: i = %, j = %', i, j; END IF;
    n := LENGTH(v);
    IF j > n THEN RAISE EXCEPTION 'rell_text_substr2: i = %, j = %, n = %', i, j, n; END IF;
    RETURN SUBSTR(v, i + 1, j - i);
END;
$$ LANGUAGE PLPGSQL IMMUTABLE;

INFO  2022-11-30 11:01:21.193 [main] SqlConnectionLogger - [0] CREATE FUNCTION "rell_text_getchar"(v TEXT, i INT) RETURNS TEXT AS $$
DECLARE n INT;
BEGIN
    IF i < 0 THEN RAISE EXCEPTION 'rell_text_getchar: i = %', i; END IF;
    n := LENGTH(v);
    IF i >= n THEN RAISE EXCEPTION 'rell_text_getchar: i = %, n = %', i, n; END IF;
    RETURN SUBSTR(v, i + 1, 1);
END;
$$ LANGUAGE PLPGSQL IMMUTABLE;

INFO  2022-11-30 11:01:21.194 [main] SqlConnectionLogger - [0] create table "c100.user1"(
  "rowid" bigint not null,
  "name" text not null,
  constraint "PK_c100.user1"
    primary key ("rowid"),
  constraint "K_c100.user1_0"
    unique ("name")
);

insert into "c100.sys.classes" (id, name, type, log) values (0, 'user1', 'class', false);
insert into "c100.sys.attributes" (class_id, name, type) values (0, 'name', 'sys:text');

INFO  2022-11-30 11:01:21.200 [main] SqlConnectionLogger - [0] create table "c100.my_name"(
  "rowid" bigint not null,
  "name" text not null,
  constraint "PK_c100.my_name"
    primary key ("rowid")
);

insert into "c100.sys.classes" (id, name, type, log) values (1, 'my_name', 'object', false);
insert into "c100.sys.attributes" (class_id, name, type) values (1, 'name', 'sys:text');

INFO  2022-11-30 11:01:21.203 [main] SqlConnectionLogger - [0] INSERT INTO "c100.my_name"("rowid", "name") VALUES (0, ?) RETURNING "rowid"
INFO  2022-11-30 11:01:21.205 [main] SqlConnectionLogger - [0] COMMIT TRANSACTION
INFO  2022-11-30 11:01:21.209 [main] SqlConnectionLogger - [0] BEGIN TRANSACTION
INFO  2022-11-30 11:01:21.209 [main] SqlConnectionLogger - [0] COMMIT TRANSACTION
INFO  2022-11-30 11:01:21.209 [main] SqlConnectionLogger - [0] BEGIN TRANSACTION
INFO  2022-11-30 11:01:21.209 [main] SqlConnectionLogger - [0] SELECT table_name FROM information_schema.tables WHERE table_catalog = CURRENT_DATABASE() AND table_schema = CURRENT_SCHEMA();
INFO  2022-11-30 11:01:21.211 [main] SqlConnectionLogger - [0] DROP TABLE IF EXISTS "meta" CASCADE;
DROP TABLE IF EXISTS "peerinfos" CASCADE;
DROP TABLE IF EXISTS "blockchain_replicas" CASCADE;
DROP TABLE IF EXISTS "blockchains" CASCADE;
DROP TABLE IF EXISTS "must_sync_until" CASCADE;
DROP TABLE IF EXISTS "c100.blocks" CASCADE;
DROP TABLE IF EXISTS "c100.transactions" CASCADE;
DROP TABLE IF EXISTS "c100.configurations" CASCADE;
DROP TABLE IF EXISTS "c100.rowid_gen" CASCADE;
DROP TABLE IF EXISTS "c100.sys.classes" CASCADE;
DROP TABLE IF EXISTS "c100.sys.attributes" CASCADE;
DROP TABLE IF EXISTS "c100.user1" CASCADE;
DROP TABLE IF EXISTS "c100.my_name" CASCADE;
INFO  2022-11-30 11:01:21.215 [main] SqlConnectionLogger - [0] SELECT routine_name FROM information_schema.routines WHERE routine_catalog = CURRENT_DATABASE() AND routine_schema = CURRENT_SCHEMA();
INFO  2022-11-30 11:01:21.218 [main] SqlConnectionLogger - [0] DROP FUNCTION "c100.make_rowid";
DROP FUNCTION "rell_bytea_substr1";
DROP FUNCTION "rell_bytea_substr2";
DROP FUNCTION "rell_text_repeat";
DROP FUNCTION "rell_text_substr1";
DROP FUNCTION "rell_text_substr2";
DROP FUNCTION "rell_text_getchar";
INFO  2022-11-30 11:01:21.223 [main] SqlConnectionLogger - [0] SELECT routine_name FROM information_schema.routines WHERE routine_catalog = CURRENT_DATABASE() AND routine_schema = CURRENT_SCHEMA();
DEBUG 2022-11-30 11:01:21.240 [main] SQLDatabaseAccess - Meta table does not exist. Assume database does not exist and create it (version: 2).
INFO  2022-11-30 11:01:21.294 [main] SqlConnectionLogger - [0] CREATE TABLE "c100.rowid_gen"( last_value bigint not null);
INSERT INTO "c100.rowid_gen"(last_value) VALUES (0);
CREATE FUNCTION "c100.make_rowid"() RETURNS BIGINT AS
'UPDATE "c100.rowid_gen" SET last_value = last_value + 1 RETURNING last_value'
LANGUAGE SQL;

INFO  2022-11-30 11:01:21.295 [main] SqlConnectionLogger - [0] CREATE TABLE "c100.sys.classes"(
    "id" INT NOT NULL PRIMARY KEY,
    "name" TEXT NOT NULL UNIQUE,
    "type" TEXT NOT NULL,
    "log" BOOLEAN NOT NULL
);
CREATE TABLE "c100.sys.attributes"(
    "class_id" INT NOT NULL,
    "name" TEXT NOT NULL,
    "type" TEXT NOT NULL
);

INFO  2022-11-30 11:01:21.302 [main] SqlConnectionLogger - [0] CREATE FUNCTION "rell_bytea_substr1"(v BYTEA, i INT) RETURNS BYTEA AS $$
DECLARE n INT;
BEGIN
    IF i < 0 THEN RAISE EXCEPTION 'rell_bytea_substr1: i = %', i; END IF;
    n := LENGTH(v);
    IF i > n THEN RAISE EXCEPTION 'rell_bytea_substr1: i = %, n = %', i, n; END IF;
    RETURN SUBSTR(v, i + 1);
END;
$$ LANGUAGE PLPGSQL IMMUTABLE;

INFO  2022-11-30 11:01:21.303 [main] SqlConnectionLogger - [0] CREATE FUNCTION "rell_bytea_substr2"(v BYTEA, i INT, j INT) RETURNS BYTEA AS $$
DECLARE n INT;
BEGIN
    IF i < 0 OR j < i THEN RAISE EXCEPTION 'rell_bytea_substr2: i = %, j = %', i, j; END IF;
    n := LENGTH(v);
    IF j > n THEN RAISE EXCEPTION 'rell_bytea_substr2: i = %, j = %, n = %', i, j, n; END IF;
    RETURN SUBSTR(v, i + 1, j - i);
END;
$$ LANGUAGE PLPGSQL IMMUTABLE;

INFO  2022-11-30 11:01:21.304 [main] SqlConnectionLogger - [0] CREATE FUNCTION "rell_text_repeat"(v TEXT, i INT) RETURNS TEXT AS $$
BEGIN
    IF i < 0 THEN RAISE EXCEPTION 'rell_text_repeat: i = %', i; END IF;
    RETURN REPEAT(v, i);
END;
$$ LANGUAGE PLPGSQL IMMUTABLE;

INFO  2022-11-30 11:01:21.305 [main] SqlConnectionLogger - [0] CREATE FUNCTION "rell_text_substr1"(v TEXT, i INT) RETURNS TEXT AS $$
DECLARE n INT;
BEGIN
    IF i < 0 THEN RAISE EXCEPTION 'rell_text_substr1: i = %', i; END IF;
    n := LENGTH(v);
    IF i > n THEN RAISE EXCEPTION 'rell_text_substr1: i = %, n = %', i, n; END IF;
    RETURN SUBSTR(v, i + 1);
END;
$$ LANGUAGE PLPGSQL IMMUTABLE;

INFO  2022-11-30 11:01:21.306 [main] SqlConnectionLogger - [0] CREATE FUNCTION "rell_text_substr2"(v TEXT, i INT, j INT) RETURNS TEXT AS $$
DECLARE n INT;
BEGIN
    IF i < 0 OR j < i THEN RAISE EXCEPTION 'rell_text_substr2: i = %, j = %', i, j; END IF;
    n := LENGTH(v);
    IF j > n THEN RAISE EXCEPTION 'rell_text_substr2: i = %, j = %, n = %', i, j, n; END IF;
    RETURN SUBSTR(v, i + 1, j - i);
END;
$$ LANGUAGE PLPGSQL IMMUTABLE;

INFO  2022-11-30 11:01:21.308 [main] SqlConnectionLogger - [0] CREATE FUNCTION "rell_text_getchar"(v TEXT, i INT) RETURNS TEXT AS $$
DECLARE n INT;
BEGIN
    IF i < 0 THEN RAISE EXCEPTION 'rell_text_getchar: i = %', i; END IF;
    n := LENGTH(v);
    IF i >= n THEN RAISE EXCEPTION 'rell_text_getchar: i = %, n = %', i, n; END IF;
    RETURN SUBSTR(v, i + 1, 1);
END;
$$ LANGUAGE PLPGSQL IMMUTABLE;

INFO  2022-11-30 11:01:21.310 [main] SqlConnectionLogger - [0] create table "c100.user1"(
  "rowid" bigint not null,
  "name" text not null,
  constraint "PK_c100.user1"
    primary key ("rowid"),
  constraint "K_c100.user1_0"
    unique ("name")
);

insert into "c100.sys.classes" (id, name, type, log) values (0, 'user1', 'class', false);
insert into "c100.sys.attributes" (class_id, name, type) values (0, 'name', 'sys:text');

INFO  2022-11-30 11:01:21.315 [main] SqlConnectionLogger - [0] create table "c100.my_name"(
  "rowid" bigint not null,
  "name" text not null,
  constraint "PK_c100.my_name"
    primary key ("rowid")
);

insert into "c100.sys.classes" (id, name, type, log) values (1, 'my_name', 'object', false);
insert into "c100.sys.attributes" (class_id, name, type) values (1, 'name', 'sys:text');

INFO  2022-11-30 11:01:21.320 [main] SqlConnectionLogger - [0] INSERT INTO "c100.my_name"("rowid", "name") VALUES (0, ?) RETURNING "rowid"
INFO  2022-11-30 11:01:21.321 [main] SqlConnectionLogger - [0] COMMIT TRANSACTION
INFO  2022-11-30 11:01:21.325 [main] SqlConnectionLogger - [0] BEGIN TRANSACTION
INFO  2022-11-30 11:01:21.325 [main] SqlConnectionLogger - [0] COMMIT TRANSACTION
INFO  2022-11-30 11:01:21.325 [main] SqlConnectionLogger - [0] BEGIN TRANSACTION
INFO  2022-11-30 11:01:21.325 [main] SqlConnectionLogger - [0] SELECT table_name FROM information_schema.tables WHERE table_catalog = CURRENT_DATABASE() AND table_schema = CURRENT_SCHEMA();
INFO  2022-11-30 11:01:21.327 [main] SqlConnectionLogger - [0] DROP TABLE IF EXISTS "blockchain_replicas" CASCADE;
DROP TABLE IF EXISTS "blockchains" CASCADE;
DROP TABLE IF EXISTS "must_sync_until" CASCADE;
DROP TABLE IF EXISTS "peerinfos" CASCADE;
DROP TABLE IF EXISTS "c100.blocks" CASCADE;
DROP TABLE IF EXISTS "c100.transactions" CASCADE;
DROP TABLE IF EXISTS "c100.configurations" CASCADE;
DROP TABLE IF EXISTS "c100.rowid_gen" CASCADE;
DROP TABLE IF EXISTS "c100.sys.classes" CASCADE;
DROP TABLE IF EXISTS "c100.sys.attributes" CASCADE;
DROP TABLE IF EXISTS "c100.user1" CASCADE;
DROP TABLE IF EXISTS "meta" CASCADE;
DROP TABLE IF EXISTS "c100.my_name" CASCADE;
INFO  2022-11-30 11:01:21.331 [main] SqlConnectionLogger - [0] SELECT routine_name FROM information_schema.routines WHERE routine_catalog = CURRENT_DATABASE() AND routine_schema = CURRENT_SCHEMA();
INFO  2022-11-30 11:01:21.333 [main] SqlConnectionLogger - [0] DROP FUNCTION "c100.make_rowid";
DROP FUNCTION "rell_bytea_substr1";
DROP FUNCTION "rell_bytea_substr2";
DROP FUNCTION "rell_text_repeat";
DROP FUNCTION "rell_text_substr1";
DROP FUNCTION "rell_text_substr2";
DROP FUNCTION "rell_text_getchar";
INFO  2022-11-30 11:01:21.338 [main] SqlConnectionLogger - [0] SELECT routine_name FROM information_schema.routines WHERE routine_catalog = CURRENT_DATABASE() AND routine_schema = CURRENT_SCHEMA();
DEBUG 2022-11-30 11:01:21.355 [main] SQLDatabaseAccess - Meta table does not exist. Assume database does not exist and create it (version: 2).
INFO  2022-11-30 11:01:21.409 [main] SqlConnectionLogger - [0] CREATE TABLE "c100.rowid_gen"( last_value bigint not null);
INSERT INTO "c100.rowid_gen"(last_value) VALUES (0);
CREATE FUNCTION "c100.make_rowid"() RETURNS BIGINT AS
'UPDATE "c100.rowid_gen" SET last_value = last_value + 1 RETURNING last_value'
LANGUAGE SQL;

INFO  2022-11-30 11:01:21.410 [main] SqlConnectionLogger - [0] CREATE TABLE "c100.sys.classes"(
    "id" INT NOT NULL PRIMARY KEY,
    "name" TEXT NOT NULL UNIQUE,
    "type" TEXT NOT NULL,
    "log" BOOLEAN NOT NULL
);
CREATE TABLE "c100.sys.attributes"(
    "class_id" INT NOT NULL,
    "name" TEXT NOT NULL,
    "type" TEXT NOT NULL
);

INFO  2022-11-30 11:01:21.417 [main] SqlConnectionLogger - [0] CREATE FUNCTION "rell_bytea_substr1"(v BYTEA, i INT) RETURNS BYTEA AS $$
DECLARE n INT;
BEGIN
    IF i < 0 THEN RAISE EXCEPTION 'rell_bytea_substr1: i = %', i; END IF;
    n := LENGTH(v);
    IF i > n THEN RAISE EXCEPTION 'rell_bytea_substr1: i = %, n = %', i, n; END IF;
    RETURN SUBSTR(v, i + 1);
END;
$$ LANGUAGE PLPGSQL IMMUTABLE;

INFO  2022-11-30 11:01:21.418 [main] SqlConnectionLogger - [0] CREATE FUNCTION "rell_bytea_substr2"(v BYTEA, i INT, j INT) RETURNS BYTEA AS $$
DECLARE n INT;
BEGIN
    IF i < 0 OR j < i THEN RAISE EXCEPTION 'rell_bytea_substr2: i = %, j = %', i, j; END IF;
    n := LENGTH(v);
    IF j > n THEN RAISE EXCEPTION 'rell_bytea_substr2: i = %, j = %, n = %', i, j, n; END IF;
    RETURN SUBSTR(v, i + 1, j - i);
END;
$$ LANGUAGE PLPGSQL IMMUTABLE;

INFO  2022-11-30 11:01:21.419 [main] SqlConnectionLogger - [0] CREATE FUNCTION "rell_text_repeat"(v TEXT, i INT) RETURNS TEXT AS $$
BEGIN
    IF i < 0 THEN RAISE EXCEPTION 'rell_text_repeat: i = %', i; END IF;
    RETURN REPEAT(v, i);
END;
$$ LANGUAGE PLPGSQL IMMUTABLE;

INFO  2022-11-30 11:01:21.420 [main] SqlConnectionLogger - [0] CREATE FUNCTION "rell_text_substr1"(v TEXT, i INT) RETURNS TEXT AS $$
DECLARE n INT;
BEGIN
    IF i < 0 THEN RAISE EXCEPTION 'rell_text_substr1: i = %', i; END IF;
    n := LENGTH(v);
    IF i > n THEN RAISE EXCEPTION 'rell_text_substr1: i = %, n = %', i, n; END IF;
    RETURN SUBSTR(v, i + 1);
END;
$$ LANGUAGE PLPGSQL IMMUTABLE;

INFO  2022-11-30 11:01:21.422 [main] SqlConnectionLogger - [0] CREATE FUNCTION "rell_text_substr2"(v TEXT, i INT, j INT) RETURNS TEXT AS $$
DECLARE n INT;
BEGIN
    IF i < 0 OR j < i THEN RAISE EXCEPTION 'rell_text_substr2: i = %, j = %', i, j; END IF;
    n := LENGTH(v);
    IF j > n THEN RAISE EXCEPTION 'rell_text_substr2: i = %, j = %, n = %', i, j, n; END IF;
    RETURN SUBSTR(v, i + 1, j - i);
END;
$$ LANGUAGE PLPGSQL IMMUTABLE;

INFO  2022-11-30 11:01:21.423 [main] SqlConnectionLogger - [0] CREATE FUNCTION "rell_text_getchar"(v TEXT, i INT) RETURNS TEXT AS $$
DECLARE n INT;
BEGIN
    IF i < 0 THEN RAISE EXCEPTION 'rell_text_getchar: i = %', i; END IF;
    n := LENGTH(v);
    IF i >= n THEN RAISE EXCEPTION 'rell_text_getchar: i = %, n = %', i, n; END IF;
    RETURN SUBSTR(v, i + 1, 1);
END;
$$ LANGUAGE PLPGSQL IMMUTABLE;

INFO  2022-11-30 11:01:21.424 [main] SqlConnectionLogger - [0] create table "c100.user1"(
  "rowid" bigint not null,
  "name" text not null,
  constraint "PK_c100.user1"
    primary key ("rowid"),
  constraint "K_c100.user1_0"
    unique ("name")
);

insert into "c100.sys.classes" (id, name, type, log) values (0, 'user1', 'class', false);
insert into "c100.sys.attributes" (class_id, name, type) values (0, 'name', 'sys:text');

INFO  2022-11-30 11:01:21.430 [main] SqlConnectionLogger - [0] create table "c100.my_name"(
  "rowid" bigint not null,
  "name" text not null,
  constraint "PK_c100.my_name"
    primary key ("rowid")
);

insert into "c100.sys.classes" (id, name, type, log) values (1, 'my_name', 'object', false);
insert into "c100.sys.attributes" (class_id, name, type) values (1, 'name', 'sys:text');

INFO  2022-11-30 11:01:21.434 [main] SqlConnectionLogger - [0] INSERT INTO "c100.my_name"("rowid", "name") VALUES (0, ?) RETURNING "rowid"
INFO  2022-11-30 11:01:21.435 [main] SqlConnectionLogger - [0] COMMIT TRANSACTION
INFO  2022-11-30 11:01:21.438 [main] SqlConnectionLogger - [0] BEGIN TRANSACTION
INFO  2022-11-30 11:01:21.442 [main] SqlConnectionLogger - [0] SELECT A00."name" FROM "c100.my_name" A00 ORDER BY A00."rowid"
INFO  2022-11-30 11:01:21.446 [main] SqlConnectionLogger - [0] SELECT A00."name" FROM "c100.my_name" A00 ORDER BY A00."rowid"
INFO  2022-11-30 11:01:21.473 [main] Rell - ERROR Module initialization failed: No moduleArgs in blockchain configuration for module 'test.temp', but type module_args defined in the code
INFO  2022-11-30 11:01:21.474 [main] SqlConnectionLogger - [0] COMMIT TRANSACTION
INFO  2022-11-30 11:01:32.554 [main] SqlConnectionLogger - [0] BEGIN TRANSACTION
INFO  2022-11-30 11:01:32.556 [main] SqlConnectionLogger - [0] SELECT table_name FROM information_schema.tables WHERE table_catalog = CURRENT_DATABASE() AND table_schema = CURRENT_SCHEMA();
INFO  2022-11-30 11:01:32.570 [main] SqlConnectionLogger - [0] DROP TABLE IF EXISTS "meta" CASCADE;
DROP TABLE IF EXISTS "peerinfos" CASCADE;
DROP TABLE IF EXISTS "blockchain_replicas" CASCADE;
DROP TABLE IF EXISTS "blockchains" CASCADE;
DROP TABLE IF EXISTS "must_sync_until" CASCADE;
DROP TABLE IF EXISTS "c100.blocks" CASCADE;
DROP TABLE IF EXISTS "c100.transactions" CASCADE;
DROP TABLE IF EXISTS "c100.configurations" CASCADE;
DROP TABLE IF EXISTS "c100.rowid_gen" CASCADE;
DROP TABLE IF EXISTS "c100.sys.classes" CASCADE;
DROP TABLE IF EXISTS "c100.sys.attributes" CASCADE;
DROP TABLE IF EXISTS "c100.user1" CASCADE;
DROP TABLE IF EXISTS "c100.my_name" CASCADE;
INFO  2022-11-30 11:01:32.584 [main] SqlConnectionLogger - [0] SELECT routine_name FROM information_schema.routines WHERE routine_catalog = CURRENT_DATABASE() AND routine_schema = CURRENT_SCHEMA();
INFO  2022-11-30 11:01:32.589 [main] SqlConnectionLogger - [0] DROP FUNCTION "c100.make_rowid";
DROP FUNCTION "rell_bytea_substr1";
DROP FUNCTION "rell_bytea_substr2";
DROP FUNCTION "rell_text_repeat";
DROP FUNCTION "rell_text_substr1";
DROP FUNCTION "rell_text_substr2";
DROP FUNCTION "rell_text_getchar";
INFO  2022-11-30 11:01:32.599 [main] SqlConnectionLogger - [0] SELECT routine_name FROM information_schema.routines WHERE routine_catalog = CURRENT_DATABASE() AND routine_schema = CURRENT_SCHEMA();
DEBUG 2022-11-30 11:01:32.723 [main] SQLDatabaseAccess - Meta table does not exist. Assume database does not exist and create it (version: 2).
INFO  2022-11-30 11:01:32.780 [main] SqlConnectionLogger - [0] CREATE TABLE "c100.rowid_gen"( last_value bigint not null);
INSERT INTO "c100.rowid_gen"(last_value) VALUES (0);
CREATE FUNCTION "c100.make_rowid"() RETURNS BIGINT AS
'UPDATE "c100.rowid_gen" SET last_value = last_value + 1 RETURNING last_value'
LANGUAGE SQL;

INFO  2022-11-30 11:01:32.782 [main] SqlConnectionLogger - [0] CREATE TABLE "c100.sys.classes"(
    "id" INT NOT NULL PRIMARY KEY,
    "name" TEXT NOT NULL UNIQUE,
    "type" TEXT NOT NULL,
    "log" BOOLEAN NOT NULL
);
CREATE TABLE "c100.sys.attributes"(
    "class_id" INT NOT NULL,
    "name" TEXT NOT NULL,
    "type" TEXT NOT NULL
);

INFO  2022-11-30 11:01:32.788 [main] SqlConnectionLogger - [0] CREATE FUNCTION "rell_bytea_substr1"(v BYTEA, i INT) RETURNS BYTEA AS $$
DECLARE n INT;
BEGIN
    IF i < 0 THEN RAISE EXCEPTION 'rell_bytea_substr1: i = %', i; END IF;
    n := LENGTH(v);
    IF i > n THEN RAISE EXCEPTION 'rell_bytea_substr1: i = %, n = %', i, n; END IF;
    RETURN SUBSTR(v, i + 1);
END;
$$ LANGUAGE PLPGSQL IMMUTABLE;

INFO  2022-11-30 11:01:32.790 [main] SqlConnectionLogger - [0] CREATE FUNCTION "rell_bytea_substr2"(v BYTEA, i INT, j INT) RETURNS BYTEA AS $$
DECLARE n INT;
BEGIN
    IF i < 0 OR j < i THEN RAISE EXCEPTION 'rell_bytea_substr2: i = %, j = %', i, j; END IF;
    n := LENGTH(v);
    IF j > n THEN RAISE EXCEPTION 'rell_bytea_substr2: i = %, j = %, n = %', i, j, n; END IF;
    RETURN SUBSTR(v, i + 1, j - i);
END;
$$ LANGUAGE PLPGSQL IMMUTABLE;

INFO  2022-11-30 11:01:32.791 [main] SqlConnectionLogger - [0] CREATE FUNCTION "rell_text_repeat"(v TEXT, i INT) RETURNS TEXT AS $$
BEGIN
    IF i < 0 THEN RAISE EXCEPTION 'rell_text_repeat: i = %', i; END IF;
    RETURN REPEAT(v, i);
END;
$$ LANGUAGE PLPGSQL IMMUTABLE;

INFO  2022-11-30 11:01:32.792 [main] SqlConnectionLogger - [0] CREATE FUNCTION "rell_text_substr1"(v TEXT, i INT) RETURNS TEXT AS $$
DECLARE n INT;
BEGIN
    IF i < 0 THEN RAISE EXCEPTION 'rell_text_substr1: i = %', i; END IF;
    n := LENGTH(v);
    IF i > n THEN RAISE EXCEPTION 'rell_text_substr1: i = %, n = %', i, n; END IF;
    RETURN SUBSTR(v, i + 1);
END;
$$ LANGUAGE PLPGSQL IMMUTABLE;

INFO  2022-11-30 11:01:32.793 [main] SqlConnectionLogger - [0] CREATE FUNCTION "rell_text_substr2"(v TEXT, i INT, j INT) RETURNS TEXT AS $$
DECLARE n INT;
BEGIN
    IF i < 0 OR j < i THEN RAISE EXCEPTION 'rell_text_substr2: i = %, j = %', i, j; END IF;
    n := LENGTH(v);
    IF j > n THEN RAISE EXCEPTION 'rell_text_substr2: i = %, j = %, n = %', i, j, n; END IF;
    RETURN SUBSTR(v, i + 1, j - i);
END;
$$ LANGUAGE PLPGSQL IMMUTABLE;

INFO  2022-11-30 11:01:32.794 [main] SqlConnectionLogger - [0] CREATE FUNCTION "rell_text_getchar"(v TEXT, i INT) RETURNS TEXT AS $$
DECLARE n INT;
BEGIN
    IF i < 0 THEN RAISE EXCEPTION 'rell_text_getchar: i = %', i; END IF;
    n := LENGTH(v);
    IF i >= n THEN RAISE EXCEPTION 'rell_text_getchar: i = %, n = %', i, n; END IF;
    RETURN SUBSTR(v, i + 1, 1);
END;
$$ LANGUAGE PLPGSQL IMMUTABLE;

INFO  2022-11-30 11:01:32.796 [main] SqlConnectionLogger - [0] create table "c100.user1"(
  "rowid" bigint not null,
  "name" text not null,
  constraint "PK_c100.user1"
    primary key ("rowid"),
  constraint "K_c100.user1_0"
    unique ("name")
);

insert into "c100.sys.classes" (id, name, type, log) values (0, 'user1', 'class', false);
insert into "c100.sys.attributes" (class_id, name, type) values (0, 'name', 'sys:text');

INFO  2022-11-30 11:01:32.800 [main] SqlConnectionLogger - [0] COMMIT TRANSACTION
INFO  2022-11-30 11:01:32.805 [main] SqlConnectionLogger - [0] BEGIN TRANSACTION
INFO  2022-11-30 11:01:32.806 [main] SqlConnectionLogger - [0] COMMIT TRANSACTION
INFO  2022-11-30 11:05:10.429 [main] RestApi - Rest API listening on port 7740 and were given 7740
INFO  2022-11-30 11:05:10.431 [main] RestApi - Rest API attached on /
INFO  2022-11-30 11:05:33.350 [main] RestApi - Rest API listening on port 7740 and were given 7740
INFO  2022-11-30 11:05:33.352 [main] RestApi - Rest API attached on /
DEBUG 2022-11-30 11:05:33.475 [main] BaseBlockchainProcessManager - [0324653E]: startBlockchain() -- Begin by stopping blockchain: chainId: 0 
DEBUG 2022-11-30 11:05:33.475 [main] BaseBlockchainProcessManager - [0324653E]: stopBlockchain() -- Blockchain process has been purged: chainId: 0, block causing the start: null
INFO  2022-11-30 11:05:33.477 [main] BaseBlockchainProcessManager - [0324653E]: startBlockchain() - Starting of blockchain: chainId: 0
DEBUG 2022-11-30 11:05:33.821 [main] CompositeGTXModule - Initialize DB for module: net.postchain.rell.module.RellPostchainModule@2336cd91
INFO  2022-11-30 11:05:33.824 [main] SqlInit - Initializing database (chain_iid = 0)
DEBUG 2022-11-30 11:05:33.906 [main] CompositeGTXModule - Initialize DB for module: net.postchain.gtx.StandardOpsGTXModule@774013dc
DEBUG 2022-11-30 11:05:33.921 [main] BaseBlockchainProcessManager - [0324653E/63:8932]: startBlockchain() -- BlockchainConfiguration has been created: chainId: 0 
DEBUG 2022-11-30 11:05:34.031 [main] BaseBlockchainProcessManager - [0324653E/63:8932]: startBlockchain() -- BlockchainEngine has been created: chainId: 0 
DEBUG 2022-11-30 11:05:34.045 [main] DefaultPeerConnectionManager - [0324653E/63:8932]: Connecting chain: 0, blockchainRID: 63:932
DEBUG 2022-11-30 11:05:34.046 [main] DefaultPeersConnectionStrategy - 0324653E: new DefaultPeersConnectionStrategy created
DEBUG 2022-11-30 11:05:34.120 [main] DefaultPeerConnectionManager - [0324653E/63:8932]: Chain connected: 0
DEBUG 2022-11-30 11:05:34.145 [main] BaseBlockchainProcessManager - [0324653E/63:8932]: BlockchainProcess has been launched: chainId: 0
INFO  2022-11-30 11:05:34.145 [main] BaseBlockchainProcessManager - [0324653E/63:8932]: startBlockchain() - Blockchain has been started: chainId: 0, Blockchain RID: 63B36A15A8D1787EFED1E331F0E49D39C05874E7D29E5DC1FD7A484E990A8932
DEBUG 2022-11-30 11:05:34.146 [main] BaseBlockchainProcessManager - [0324653E/63:8932]: startBlockchain() -- Blockchain has been started: chainId: 0 
DEBUG 2022-11-30 11:05:34.149 [validator-[0324653E/63:8932]] ValidatorSyncManager - [0324653E/63:8932] Using fast sync
DEBUG 2022-11-30 11:05:34.149 [validator-[0324653E/63:8932]] FastSynchronizer - syncUntilResponsiveNodesDrained() begin with exitDelay: 0
DEBUG 2022-11-30 11:05:34.153 [validator-[0324653E/63:8932]] FastSynchronizer - syncUntil() -- Start, at height: 2
DEBUG 2022-11-30 11:05:34.157 [validator-[0324653E/63:8932]] FastSynchronizer - We are done syncing. Syncable count: 0, height: 2, must sync until: -1.
DEBUG 2022-11-30 11:05:34.157 [validator-[0324653E/63:8932]] FastSynchronizer - syncUntil() -- Await commits, at height: 2
DEBUG 2022-11-30 11:05:34.157 [validator-[0324653E/63:8932]] AbstractPeerStatuses - clearing all fast sync peer statuses
DEBUG 2022-11-30 11:05:34.157 [validator-[0324653E/63:8932]] FastSynchronizer - syncUntil() -- Exit fastsync, at height: 2
DEBUG 2022-11-30 11:05:34.160 [validator-[0324653E/63:8932]] BaseStatusManager - Advancing block height from 3 to 3 ...
DEBUG 2022-11-30 11:05:34.161 [validator-[0324653E/63:8932]] BaseStatusManager - Current state: 3
DEBUG 2022-11-30 11:05:34.163 [validator-[0324653E/63:8932]] ValidatorSyncManager - [0324653E/63:8932]: (Fast sync) Height: 2. My node: 0, I'm primary,  block mngr: DNI, status mngr: BBI
DEBUG 2022-11-30 11:05:34.165 [validator-[0324653E/63:8932]] ValidatorSyncManager - [0324653E/63:8932]: (Fast sync) node:0 he:3 ro:0 st:WaitBlock blockRID:null havesig:false
DEBUG 2022-11-30 11:05:34.191 [0-BaseBlockDatabaseWorker] BaseBlockDatabase - Starting job buildBlock
DEBUG 2022-11-30 11:05:34.192 [0-BaseBlockDatabaseWorker] BaseBlockchainEngine - [0324653E/63:8932] buildBlock() -- Begin
INFO  2022-11-30 11:05:34.247 [0-BaseBlockDatabaseWorker] BaseBlockchainEngine - [0324653E/63:8932]: Block is finalized: 52 ms, 0 net tps, 0 gross tps, height: 3, accepted txs: 0, rejected txs: 0, root-hash: 46AF9064F12528CAD6A7C377204ACD0AC38CDC6912903E7DAB3703764C8DD5E5, block-rid: A402DEA4B17E4BF0522401B4E4CA1F8D9C5EF7DA70F005E7A891DD5C52ED1CEC, prev-block-rid: 0D26F3E97893C62BC01E6C9EA0C85CFA51A0ADAAE8D9F4984ED8B43EDC24CE67
DEBUG 2022-11-30 11:05:34.247 [0-BaseBlockDatabaseWorker] BaseBlockchainEngine - [0324653E/63:8932] buildBlock() -- End
DEBUG 2022-11-30 11:05:34.255 [0-BaseBlockDatabaseWorker] BaseBlockDatabase - Finished job buildBlock
DEBUG 2022-11-30 11:05:34.256 [kovenant-callback-1] BaseStatusManager - setting CommitBlockIntent for idx: 0 
DEBUG 2022-11-30 11:05:34.270 [0-BaseBlockDatabaseWorker] BaseBlockDatabase - Starting job commitBlock
DEBUG 2022-11-30 11:05:34.281 [0-BaseBlockDatabaseWorker] ManualBlockchainConfigurationProvider - activeBlockNeedsNewConfig() - No need to reload config, since active height: 4, should still use conf at: 3 
DEBUG 2022-11-30 11:05:34.281 [0-BaseBlockDatabaseWorker] BaseBlockDatabase - Finished job commitBlock
INFO  2022-11-30 12:51:00.142 [main] SqlConnectionLogger - [0] BEGIN TRANSACTION
INFO  2022-11-30 12:51:00.146 [main] SqlInit - Initializing database (chain_iid = 100)
INFO  2022-11-30 12:51:00.196 [main] SqlConnectionLogger - [0] SELECT routine_name FROM information_schema.routines WHERE routine_catalog = CURRENT_DATABASE() AND routine_schema = CURRENT_SCHEMA();
INFO  2022-11-30 12:51:00.203 [main] SqlConnectionLogger - [0] SELECT T."id", T."name", T."type", T."log" FROM "c100.sys.classes" T ORDER BY T."id";
INFO  2022-11-30 12:51:00.206 [main] SqlConnectionLogger - [0] SELECT T."class_id", T."name", T."type" FROM "c100.sys.attributes" T ORDER BY T."class_id", T."name";
WARN  2022-11-30 12:51:00.261 [main] SqlInit - Table for undefined entity 'user1' found
INFO  2022-11-30 12:51:00.347 [main] SqlInit - Nothing to do
INFO  2022-11-30 12:51:00.347 [main] SqlConnectionLogger - [0] COMMIT TRANSACTION
INFO  2022-11-30 12:52:05.237 [main] SqlConnectionLogger - [0] BEGIN TRANSACTION
INFO  2022-11-30 12:52:05.239 [main] SqlConnectionLogger - [0] SELECT table_name FROM information_schema.tables WHERE table_catalog = CURRENT_DATABASE() AND table_schema = CURRENT_SCHEMA();
INFO  2022-11-30 12:52:05.252 [main] SqlConnectionLogger - [0] DROP TABLE IF EXISTS "meta" CASCADE;
DROP TABLE IF EXISTS "peerinfos" CASCADE;
DROP TABLE IF EXISTS "blockchain_replicas" CASCADE;
DROP TABLE IF EXISTS "blockchains" CASCADE;
DROP TABLE IF EXISTS "must_sync_until" CASCADE;
DROP TABLE IF EXISTS "c100.blocks" CASCADE;
DROP TABLE IF EXISTS "c100.transactions" CASCADE;
DROP TABLE IF EXISTS "c100.configurations" CASCADE;
DROP TABLE IF EXISTS "c100.rowid_gen" CASCADE;
DROP TABLE IF EXISTS "c100.sys.classes" CASCADE;
DROP TABLE IF EXISTS "c100.sys.attributes" CASCADE;
DROP TABLE IF EXISTS "c100.user1" CASCADE;
INFO  2022-11-30 12:52:05.259 [main] SqlConnectionLogger - [0] SELECT routine_name FROM information_schema.routines WHERE routine_catalog = CURRENT_DATABASE() AND routine_schema = CURRENT_SCHEMA();
INFO  2022-11-30 12:52:05.263 [main] SqlConnectionLogger - [0] DROP FUNCTION "c100.make_rowid";
DROP FUNCTION "rell_bytea_substr1";
DROP FUNCTION "rell_bytea_substr2";
DROP FUNCTION "rell_text_repeat";
DROP FUNCTION "rell_text_substr1";
DROP FUNCTION "rell_text_substr2";
DROP FUNCTION "rell_text_getchar";
INFO  2022-11-30 12:52:05.266 [main] SqlInit - Initializing database (chain_iid = 100)
INFO  2022-11-30 12:52:05.272 [main] SqlConnectionLogger - [0] SELECT routine_name FROM information_schema.routines WHERE routine_catalog = CURRENT_DATABASE() AND routine_schema = CURRENT_SCHEMA();
DEBUG 2022-11-30 12:52:05.371 [main] SQLDatabaseAccess - Meta table does not exist. Assume database does not exist and create it (version: 2).
INFO  2022-11-30 12:52:05.442 [main] SqlInit - Database init plan: 8 step(s)
INFO  2022-11-30 12:52:05.442 [main] SqlInit -     Create ROWID table and function
INFO  2022-11-30 12:52:05.442 [main] SqlInit -     Create meta tables
INFO  2022-11-30 12:52:05.442 [main] SqlInit -     Create function: 'rell_bytea_substr1'
INFO  2022-11-30 12:52:05.442 [main] SqlInit -     Create function: 'rell_bytea_substr2'
INFO  2022-11-30 12:52:05.442 [main] SqlInit -     Create function: 'rell_text_repeat'
INFO  2022-11-30 12:52:05.442 [main] SqlInit -     Create function: 'rell_text_substr1'
INFO  2022-11-30 12:52:05.442 [main] SqlInit -     Create function: 'rell_text_substr2'
INFO  2022-11-30 12:52:05.442 [main] SqlInit -     Create function: 'rell_text_getchar'
INFO  2022-11-30 12:52:05.442 [main] SqlInit - Step: Create ROWID table and function
INFO  2022-11-30 12:52:05.442 [main] SqlConnectionLogger - [0] CREATE TABLE "c100.rowid_gen"( last_value bigint not null);
INSERT INTO "c100.rowid_gen"(last_value) VALUES (0);
CREATE FUNCTION "c100.make_rowid"() RETURNS BIGINT AS
'UPDATE "c100.rowid_gen" SET last_value = last_value + 1 RETURNING last_value'
LANGUAGE SQL;

INFO  2022-11-30 12:52:05.444 [main] SqlInit - Step: Create meta tables
INFO  2022-11-30 12:52:05.444 [main] SqlConnectionLogger - [0] CREATE TABLE "c100.sys.classes"(
    "id" INT NOT NULL PRIMARY KEY,
    "name" TEXT NOT NULL UNIQUE,
    "type" TEXT NOT NULL,
    "log" BOOLEAN NOT NULL
);
CREATE TABLE "c100.sys.attributes"(
    "class_id" INT NOT NULL,
    "name" TEXT NOT NULL,
    "type" TEXT NOT NULL
);

INFO  2022-11-30 12:52:05.451 [main] SqlInit - Step: Create function: 'rell_bytea_substr1'
INFO  2022-11-30 12:52:05.451 [main] SqlConnectionLogger - [0] CREATE FUNCTION "rell_bytea_substr1"(v BYTEA, i INT) RETURNS BYTEA AS $$
DECLARE n INT;
BEGIN
    IF i < 0 THEN RAISE EXCEPTION 'rell_bytea_substr1: i = %', i; END IF;
    n := LENGTH(v);
    IF i > n THEN RAISE EXCEPTION 'rell_bytea_substr1: i = %, n = %', i, n; END IF;
    RETURN SUBSTR(v, i + 1);
END;
$$ LANGUAGE PLPGSQL IMMUTABLE;

INFO  2022-11-30 12:52:05.454 [main] SqlInit - Step: Create function: 'rell_bytea_substr2'
INFO  2022-11-30 12:52:05.454 [main] SqlConnectionLogger - [0] CREATE FUNCTION "rell_bytea_substr2"(v BYTEA, i INT, j INT) RETURNS BYTEA AS $$
DECLARE n INT;
BEGIN
    IF i < 0 OR j < i THEN RAISE EXCEPTION 'rell_bytea_substr2: i = %, j = %', i, j; END IF;
    n := LENGTH(v);
    IF j > n THEN RAISE EXCEPTION 'rell_bytea_substr2: i = %, j = %, n = %', i, j, n; END IF;
    RETURN SUBSTR(v, i + 1, j - i);
END;
$$ LANGUAGE PLPGSQL IMMUTABLE;

INFO  2022-11-30 12:52:05.455 [main] SqlInit - Step: Create function: 'rell_text_repeat'
INFO  2022-11-30 12:52:05.455 [main] SqlConnectionLogger - [0] CREATE FUNCTION "rell_text_repeat"(v TEXT, i INT) RETURNS TEXT AS $$
BEGIN
    IF i < 0 THEN RAISE EXCEPTION 'rell_text_repeat: i = %', i; END IF;
    RETURN REPEAT(v, i);
END;
$$ LANGUAGE PLPGSQL IMMUTABLE;

INFO  2022-11-30 12:52:05.456 [main] SqlInit - Step: Create function: 'rell_text_substr1'
INFO  2022-11-30 12:52:05.456 [main] SqlConnectionLogger - [0] CREATE FUNCTION "rell_text_substr1"(v TEXT, i INT) RETURNS TEXT AS $$
DECLARE n INT;
BEGIN
    IF i < 0 THEN RAISE EXCEPTION 'rell_text_substr1: i = %', i; END IF;
    n := LENGTH(v);
    IF i > n THEN RAISE EXCEPTION 'rell_text_substr1: i = %, n = %', i, n; END IF;
    RETURN SUBSTR(v, i + 1);
END;
$$ LANGUAGE PLPGSQL IMMUTABLE;

INFO  2022-11-30 12:52:05.458 [main] SqlInit - Step: Create function: 'rell_text_substr2'
INFO  2022-11-30 12:52:05.458 [main] SqlConnectionLogger - [0] CREATE FUNCTION "rell_text_substr2"(v TEXT, i INT, j INT) RETURNS TEXT AS $$
DECLARE n INT;
BEGIN
    IF i < 0 OR j < i THEN RAISE EXCEPTION 'rell_text_substr2: i = %, j = %', i, j; END IF;
    n := LENGTH(v);
    IF j > n THEN RAISE EXCEPTION 'rell_text_substr2: i = %, j = %, n = %', i, j, n; END IF;
    RETURN SUBSTR(v, i + 1, j - i);
END;
$$ LANGUAGE PLPGSQL IMMUTABLE;

INFO  2022-11-30 12:52:05.460 [main] SqlInit - Step: Create function: 'rell_text_getchar'
INFO  2022-11-30 12:52:05.460 [main] SqlConnectionLogger - [0] CREATE FUNCTION "rell_text_getchar"(v TEXT, i INT) RETURNS TEXT AS $$
DECLARE n INT;
BEGIN
    IF i < 0 THEN RAISE EXCEPTION 'rell_text_getchar: i = %', i; END IF;
    n := LENGTH(v);
    IF i >= n THEN RAISE EXCEPTION 'rell_text_getchar: i = %, n = %', i, n; END IF;
    RETURN SUBSTR(v, i + 1, 1);
END;
$$ LANGUAGE PLPGSQL IMMUTABLE;

INFO  2022-11-30 12:52:05.461 [main] SqlInit - Database initialization done
INFO  2022-11-30 12:52:05.461 [main] SqlConnectionLogger - [0] COMMIT TRANSACTION
INFO  2022-11-30 12:54:53.427 [main] SqlConnectionLogger - [0] BEGIN TRANSACTION
INFO  2022-11-30 12:54:53.430 [main] SqlConnectionLogger - [0] SELECT table_name FROM information_schema.tables WHERE table_catalog = CURRENT_DATABASE() AND table_schema = CURRENT_SCHEMA();
INFO  2022-11-30 12:54:53.451 [main] SqlConnectionLogger - [0] DROP TABLE IF EXISTS "meta" CASCADE;
DROP TABLE IF EXISTS "peerinfos" CASCADE;
DROP TABLE IF EXISTS "blockchain_replicas" CASCADE;
DROP TABLE IF EXISTS "blockchains" CASCADE;
DROP TABLE IF EXISTS "must_sync_until" CASCADE;
DROP TABLE IF EXISTS "c100.blocks" CASCADE;
DROP TABLE IF EXISTS "c100.transactions" CASCADE;
DROP TABLE IF EXISTS "c100.configurations" CASCADE;
DROP TABLE IF EXISTS "c100.rowid_gen" CASCADE;
DROP TABLE IF EXISTS "c100.sys.classes" CASCADE;
DROP TABLE IF EXISTS "c100.sys.attributes" CASCADE;
INFO  2022-11-30 12:54:53.464 [main] SqlConnectionLogger - [0] SELECT routine_name FROM information_schema.routines WHERE routine_catalog = CURRENT_DATABASE() AND routine_schema = CURRENT_SCHEMA();
INFO  2022-11-30 12:54:53.470 [main] SqlConnectionLogger - [0] DROP FUNCTION "c100.make_rowid";
DROP FUNCTION "rell_bytea_substr1";
DROP FUNCTION "rell_bytea_substr2";
DROP FUNCTION "rell_text_repeat";
DROP FUNCTION "rell_text_substr1";
DROP FUNCTION "rell_text_substr2";
DROP FUNCTION "rell_text_getchar";
INFO  2022-11-30 12:54:53.481 [main] SqlConnectionLogger - [0] SELECT routine_name FROM information_schema.routines WHERE routine_catalog = CURRENT_DATABASE() AND routine_schema = CURRENT_SCHEMA();
DEBUG 2022-11-30 12:54:53.588 [main] SQLDatabaseAccess - Meta table does not exist. Assume database does not exist and create it (version: 2).
INFO  2022-11-30 12:54:53.655 [main] SqlConnectionLogger - [0] CREATE TABLE "c100.rowid_gen"( last_value bigint not null);
INSERT INTO "c100.rowid_gen"(last_value) VALUES (0);
CREATE FUNCTION "c100.make_rowid"() RETURNS BIGINT AS
'UPDATE "c100.rowid_gen" SET last_value = last_value + 1 RETURNING last_value'
LANGUAGE SQL;

INFO  2022-11-30 12:54:53.657 [main] SqlConnectionLogger - [0] CREATE TABLE "c100.sys.classes"(
    "id" INT NOT NULL PRIMARY KEY,
    "name" TEXT NOT NULL UNIQUE,
    "type" TEXT NOT NULL,
    "log" BOOLEAN NOT NULL
);
CREATE TABLE "c100.sys.attributes"(
    "class_id" INT NOT NULL,
    "name" TEXT NOT NULL,
    "type" TEXT NOT NULL
);

INFO  2022-11-30 12:54:53.664 [main] SqlConnectionLogger - [0] CREATE FUNCTION "rell_bytea_substr1"(v BYTEA, i INT) RETURNS BYTEA AS $$
DECLARE n INT;
BEGIN
    IF i < 0 THEN RAISE EXCEPTION 'rell_bytea_substr1: i = %', i; END IF;
    n := LENGTH(v);
    IF i > n THEN RAISE EXCEPTION 'rell_bytea_substr1: i = %, n = %', i, n; END IF;
    RETURN SUBSTR(v, i + 1);
END;
$$ LANGUAGE PLPGSQL IMMUTABLE;

INFO  2022-11-30 12:54:53.666 [main] SqlConnectionLogger - [0] CREATE FUNCTION "rell_bytea_substr2"(v BYTEA, i INT, j INT) RETURNS BYTEA AS $$
DECLARE n INT;
BEGIN
    IF i < 0 OR j < i THEN RAISE EXCEPTION 'rell_bytea_substr2: i = %, j = %', i, j; END IF;
    n := LENGTH(v);
    IF j > n THEN RAISE EXCEPTION 'rell_bytea_substr2: i = %, j = %, n = %', i, j, n; END IF;
    RETURN SUBSTR(v, i + 1, j - i);
END;
$$ LANGUAGE PLPGSQL IMMUTABLE;

INFO  2022-11-30 12:54:53.668 [main] SqlConnectionLogger - [0] CREATE FUNCTION "rell_text_repeat"(v TEXT, i INT) RETURNS TEXT AS $$
BEGIN
    IF i < 0 THEN RAISE EXCEPTION 'rell_text_repeat: i = %', i; END IF;
    RETURN REPEAT(v, i);
END;
$$ LANGUAGE PLPGSQL IMMUTABLE;

INFO  2022-11-30 12:54:53.669 [main] SqlConnectionLogger - [0] CREATE FUNCTION "rell_text_substr1"(v TEXT, i INT) RETURNS TEXT AS $$
DECLARE n INT;
BEGIN
    IF i < 0 THEN RAISE EXCEPTION 'rell_text_substr1: i = %', i; END IF;
    n := LENGTH(v);
    IF i > n THEN RAISE EXCEPTION 'rell_text_substr1: i = %, n = %', i, n; END IF;
    RETURN SUBSTR(v, i + 1);
END;
$$ LANGUAGE PLPGSQL IMMUTABLE;

INFO  2022-11-30 12:54:53.670 [main] SqlConnectionLogger - [0] CREATE FUNCTION "rell_text_substr2"(v TEXT, i INT, j INT) RETURNS TEXT AS $$
DECLARE n INT;
BEGIN
    IF i < 0 OR j < i THEN RAISE EXCEPTION 'rell_text_substr2: i = %, j = %', i, j; END IF;
    n := LENGTH(v);
    IF j > n THEN RAISE EXCEPTION 'rell_text_substr2: i = %, j = %, n = %', i, j, n; END IF;
    RETURN SUBSTR(v, i + 1, j - i);
END;
$$ LANGUAGE PLPGSQL IMMUTABLE;

INFO  2022-11-30 12:54:53.672 [main] SqlConnectionLogger - [0] CREATE FUNCTION "rell_text_getchar"(v TEXT, i INT) RETURNS TEXT AS $$
DECLARE n INT;
BEGIN
    IF i < 0 THEN RAISE EXCEPTION 'rell_text_getchar: i = %', i; END IF;
    n := LENGTH(v);
    IF i >= n THEN RAISE EXCEPTION 'rell_text_getchar: i = %, n = %', i, n; END IF;
    RETURN SUBSTR(v, i + 1, 1);
END;
$$ LANGUAGE PLPGSQL IMMUTABLE;

INFO  2022-11-30 12:54:53.673 [main] SqlConnectionLogger - [0] COMMIT TRANSACTION
INFO  2022-11-30 12:56:36.441 [main] SqlConnectionLogger - [0] BEGIN TRANSACTION
INFO  2022-11-30 12:56:36.444 [main] SqlConnectionLogger - [0] SELECT table_name FROM information_schema.tables WHERE table_catalog = CURRENT_DATABASE() AND table_schema = CURRENT_SCHEMA();
INFO  2022-11-30 12:56:36.461 [main] SqlConnectionLogger - [0] DROP TABLE IF EXISTS "meta" CASCADE;
DROP TABLE IF EXISTS "peerinfos" CASCADE;
DROP TABLE IF EXISTS "blockchain_replicas" CASCADE;
DROP TABLE IF EXISTS "blockchains" CASCADE;
DROP TABLE IF EXISTS "must_sync_until" CASCADE;
DROP TABLE IF EXISTS "c100.blocks" CASCADE;
DROP TABLE IF EXISTS "c100.transactions" CASCADE;
DROP TABLE IF EXISTS "c100.configurations" CASCADE;
DROP TABLE IF EXISTS "c100.rowid_gen" CASCADE;
DROP TABLE IF EXISTS "c100.sys.classes" CASCADE;
DROP TABLE IF EXISTS "c100.sys.attributes" CASCADE;
INFO  2022-11-30 12:56:36.469 [main] SqlConnectionLogger - [0] SELECT routine_name FROM information_schema.routines WHERE routine_catalog = CURRENT_DATABASE() AND routine_schema = CURRENT_SCHEMA();
INFO  2022-11-30 12:56:36.475 [main] SqlConnectionLogger - [0] DROP FUNCTION "c100.make_rowid";
DROP FUNCTION "rell_bytea_substr1";
DROP FUNCTION "rell_bytea_substr2";
DROP FUNCTION "rell_text_repeat";
DROP FUNCTION "rell_text_substr1";
DROP FUNCTION "rell_text_substr2";
DROP FUNCTION "rell_text_getchar";
INFO  2022-11-30 12:56:36.488 [main] SqlConnectionLogger - [0] SELECT routine_name FROM information_schema.routines WHERE routine_catalog = CURRENT_DATABASE() AND routine_schema = CURRENT_SCHEMA();
DEBUG 2022-11-30 12:56:36.587 [main] SQLDatabaseAccess - Meta table does not exist. Assume database does not exist and create it (version: 2).
INFO  2022-11-30 12:56:36.665 [main] SqlConnectionLogger - [0] CREATE TABLE "c100.rowid_gen"( last_value bigint not null);
INSERT INTO "c100.rowid_gen"(last_value) VALUES (0);
CREATE FUNCTION "c100.make_rowid"() RETURNS BIGINT AS
'UPDATE "c100.rowid_gen" SET last_value = last_value + 1 RETURNING last_value'
LANGUAGE SQL;

INFO  2022-11-30 12:56:36.668 [main] SqlConnectionLogger - [0] CREATE TABLE "c100.sys.classes"(
    "id" INT NOT NULL PRIMARY KEY,
    "name" TEXT NOT NULL UNIQUE,
    "type" TEXT NOT NULL,
    "log" BOOLEAN NOT NULL
);
CREATE TABLE "c100.sys.attributes"(
    "class_id" INT NOT NULL,
    "name" TEXT NOT NULL,
    "type" TEXT NOT NULL
);

INFO  2022-11-30 12:56:36.674 [main] SqlConnectionLogger - [0] CREATE FUNCTION "rell_bytea_substr1"(v BYTEA, i INT) RETURNS BYTEA AS $$
DECLARE n INT;
BEGIN
    IF i < 0 THEN RAISE EXCEPTION 'rell_bytea_substr1: i = %', i; END IF;
    n := LENGTH(v);
    IF i > n THEN RAISE EXCEPTION 'rell_bytea_substr1: i = %, n = %', i, n; END IF;
    RETURN SUBSTR(v, i + 1);
END;
$$ LANGUAGE PLPGSQL IMMUTABLE;

INFO  2022-11-30 12:56:36.676 [main] SqlConnectionLogger - [0] CREATE FUNCTION "rell_bytea_substr2"(v BYTEA, i INT, j INT) RETURNS BYTEA AS $$
DECLARE n INT;
BEGIN
    IF i < 0 OR j < i THEN RAISE EXCEPTION 'rell_bytea_substr2: i = %, j = %', i, j; END IF;
    n := LENGTH(v);
    IF j > n THEN RAISE EXCEPTION 'rell_bytea_substr2: i = %, j = %, n = %', i, j, n; END IF;
    RETURN SUBSTR(v, i + 1, j - i);
END;
$$ LANGUAGE PLPGSQL IMMUTABLE;

INFO  2022-11-30 12:56:36.678 [main] SqlConnectionLogger - [0] CREATE FUNCTION "rell_text_repeat"(v TEXT, i INT) RETURNS TEXT AS $$
BEGIN
    IF i < 0 THEN RAISE EXCEPTION 'rell_text_repeat: i = %', i; END IF;
    RETURN REPEAT(v, i);
END;
$$ LANGUAGE PLPGSQL IMMUTABLE;

INFO  2022-11-30 12:56:36.679 [main] SqlConnectionLogger - [0] CREATE FUNCTION "rell_text_substr1"(v TEXT, i INT) RETURNS TEXT AS $$
DECLARE n INT;
BEGIN
    IF i < 0 THEN RAISE EXCEPTION 'rell_text_substr1: i = %', i; END IF;
    n := LENGTH(v);
    IF i > n THEN RAISE EXCEPTION 'rell_text_substr1: i = %, n = %', i, n; END IF;
    RETURN SUBSTR(v, i + 1);
END;
$$ LANGUAGE PLPGSQL IMMUTABLE;

INFO  2022-11-30 12:56:36.680 [main] SqlConnectionLogger - [0] CREATE FUNCTION "rell_text_substr2"(v TEXT, i INT, j INT) RETURNS TEXT AS $$
DECLARE n INT;
BEGIN
    IF i < 0 OR j < i THEN RAISE EXCEPTION 'rell_text_substr2: i = %, j = %', i, j; END IF;
    n := LENGTH(v);
    IF j > n THEN RAISE EXCEPTION 'rell_text_substr2: i = %, j = %, n = %', i, j, n; END IF;
    RETURN SUBSTR(v, i + 1, j - i);
END;
$$ LANGUAGE PLPGSQL IMMUTABLE;

INFO  2022-11-30 12:56:36.682 [main] SqlConnectionLogger - [0] CREATE FUNCTION "rell_text_getchar"(v TEXT, i INT) RETURNS TEXT AS $$
DECLARE n INT;
BEGIN
    IF i < 0 THEN RAISE EXCEPTION 'rell_text_getchar: i = %', i; END IF;
    n := LENGTH(v);
    IF i >= n THEN RAISE EXCEPTION 'rell_text_getchar: i = %, n = %', i, n; END IF;
    RETURN SUBSTR(v, i + 1, 1);
END;
$$ LANGUAGE PLPGSQL IMMUTABLE;

INFO  2022-11-30 12:56:36.683 [main] SqlConnectionLogger - [0] COMMIT TRANSACTION
INFO  2022-11-30 12:56:59.369 [main] SqlConnectionLogger - [0] BEGIN TRANSACTION
INFO  2022-11-30 12:56:59.424 [main] SqlConnectionLogger - [0] SELECT routine_name FROM information_schema.routines WHERE routine_catalog = CURRENT_DATABASE() AND routine_schema = CURRENT_SCHEMA();
INFO  2022-11-30 12:56:59.430 [main] SqlConnectionLogger - [0] SELECT T."id", T."name", T."type", T."log" FROM "c100.sys.classes" T ORDER BY T."id";
INFO  2022-11-30 12:56:59.432 [main] SqlConnectionLogger - [0] SELECT T."class_id", T."name", T."type" FROM "c100.sys.attributes" T ORDER BY T."class_id", T."name";
INFO  2022-11-30 12:56:59.559 [main] SqlConnectionLogger - [0] COMMIT TRANSACTION
INFO  2022-11-30 13:52:07.880 [main] SqlConnectionLogger - [0] BEGIN TRANSACTION
INFO  2022-11-30 13:52:07.943 [main] SqlConnectionLogger - [0] SELECT routine_name FROM information_schema.routines WHERE routine_catalog = CURRENT_DATABASE() AND routine_schema = CURRENT_SCHEMA();
INFO  2022-11-30 13:52:07.950 [main] SqlConnectionLogger - [0] SELECT T."id", T."name", T."type", T."log" FROM "c100.sys.classes" T ORDER BY T."id";
INFO  2022-11-30 13:52:07.952 [main] SqlConnectionLogger - [0] SELECT T."class_id", T."name", T."type" FROM "c100.sys.attributes" T ORDER BY T."class_id", T."name";
INFO  2022-11-30 13:52:08.091 [main] SqlConnectionLogger - [0] create table "c100.my_name"(
  "rowid" bigint not null,
  "name" text not null,
  constraint "PK_c100.my_name"
    primary key ("rowid")
);

insert into "c100.sys.classes" (id, name, type, log) values (0, 'my_name', 'object', false);
insert into "c100.sys.attributes" (class_id, name, type) values (0, 'name', 'sys:text');

INFO  2022-11-30 13:52:08.102 [main] SqlConnectionLogger - [0] INSERT INTO "c100.my_name"("rowid", "name") VALUES (0, ?) RETURNING "rowid"
INFO  2022-11-30 13:52:08.104 [main] SqlConnectionLogger - [0] COMMIT TRANSACTION
INFO  2022-11-30 13:52:08.111 [main] SqlConnectionLogger - [0] SELECT A00."name" FROM "c100.my_name" A00 ORDER BY A00."rowid"
DEBUG 2022-11-30 14:28:32.854 [main] SQLDatabaseAccess - Meta table does not exist. Assume database does not exist and create it (version: 2).
DEBUG 2022-11-30 14:28:43.821 [main] SQLDatabaseAccess - Meta table does not exist. Assume database does not exist and create it (version: 2).
